order_id,order_datetime,customer_id,product_id,quantity,unit_price,discount_amount,tax_amount,total_amount,payment_method,shipping_address_id,order_channel,campaign_id,order_status
ORD-2024-00000022,2024-01-02 20:13:29,CUS-00000079,PRD-FSH-00102,10,24167.11,38375.01,20329.61,223625.7,convenience,ADDR-00000079-05,app,CMP-2024-SUMMER01,completed
ORD-2024-00000224,2024-01-02 21:03:32,CUS-00000029,PRD-BKS-00094,10,3730.3,4844.46,3245.85,35704.39,credit_card,ADDR-00000029-03,app,CMP-2024-SPRING01,completed
ORD-2024-00000340,2024-01-02 21:30:59,CUS-00000009,PRD-BKS-00041,6,2528.75,0.0,1517.25,16689.75,credit_card,ADDR-00000009-05,web,,completed
ORD-2024-00000099,2024-01-04 08:19:01,CUS-00000066,PRD-INT-00069,7,75091.67,26292.74,49934.89,549283.84,credit_card,ADDR-00000066-05,web,CMP-2024-SPRING01,completed
ORD-2024-00000263,2024-01-04 14:18:43,CUS-00000001,PRD-FSH-00034,9,29167.56,0.0,26250.8,288758.84,credit_card,ADDR-00000001-04,store,,completed
ORD-2024-00000425,2024-01-05 11:24:30,CUS-00000027,PRD-FSH-00047,5,17022.65,14830.7,7028.26,77310.81,credit_card,ADDR-00000027-04,store,CMP-2024-SPRING01,cancelled
ORD-2024-00000194,2024-01-06 13:10:21,CUS-00000069,PRD-INT-00004,3,32543.18,14173.45,8345.61,91801.7,credit_card,ADDR-00000069-05,web,CMP-2024-AUTUMN01,completed
ORD-2024-00000043,2024-01-07 15:20:28,CUS-00000096,PRD-FSH-00121,7,34534.42,31819.19,20992.18,230913.93,credit_card,ADDR-00000096-02,web,CMP-2024-SUMMER01,cancelled
ORD-2024-00000143,2024-01-07 17:47:48,CUS-00000065,PRD-ELT-00002,8,73163.11,110541.08,47476.38,522240.18,credit_card,ADDR-00000065-04,web,CMP-2024-SPRING01,completed
ORD-2024-00000416,2024-01-08 14:41:32,CUS-00000012,PRD-FSH-00038,3,30434.35,0.0,9130.3,100433.35,credit_card,ADDR-00000012-02,web,,completed
ORD-2024-00000004,2024-01-08 18:11:10,CUS-00000083,PRD-ELT-00062,2,33360.53,4993.08,6172.8,67900.78,credit_card,ADDR-00000083-03,app,CMP-2024-AUTUMN01,completed
ORD-2024-00000436,2024-01-09 01:21:03,CUS-00000053,PRD-ELT-00002,9,73163.11,55413.09,60305.49,663360.39,cod,ADDR-00000053-04,web,CMP-2024-WINTER01,completed
ORD-2024-00000163,2024-01-09 18:08:47,CUS-00000060,PRD-BKS-00089,2,3265.98,521.48,601.05,6611.53,credit_card,ADDR-00000060-02,web,CMP-2024-SPRING01,completed
ORD-2024-00000331,2024-01-09 19:12:31,CUS-00000092,PRD-BKS-00076,2,6607.53,1528.9,1168.62,12854.78,credit_card,ADDR-00000092-03,app,CMP-2024-SUMMER01,completed
ORD-2024-00000001,2024-01-09 23:42:58,CUS-00000063,PRD-ELT-00021,3,51704.59,30661.53,12445.22,136897.46,credit_card,ADDR-00000063-04,app,CMP-2024-AUTUMN01,completed
ORD-2024-00000094,2024-01-11 08:42:14,CUS-00000071,PRD-BKS-00065,9,2923.38,1961.59,2434.88,26783.71,convenience,ADDR-00000071-01,app,CMP-2024-AUTUMN01,completed
ORD-2024-00000123,2024-01-11 12:04:42,CUS-00000069,PRD-INT-00102,2,81421.03,13748.81,14909.33,164002.58,credit_card,ADDR-00000069-02,web,CMP-2024-WINTER01,completed
ORD-2024-00000356,2024-01-11 23:05:21,CUS-00000043,PRD-ELT-00083,1,180607.67,12529.41,16807.83,184886.09,credit_card,ADDR-00000043-01,app,CMP-2024-WINTER01,completed
ORD-2024-00000165,2024-01-12 13:32:23,CUS-00000052,PRD-BKS-00134,7,3253.24,3618.77,1915.39,21069.3,credit_card,ADDR-00000052-03,app,CMP-2024-AUTUMN01,completed
ORD-2024-00000411,2024-01-13 07:49:11,CUS-00000038,PRD-FSH-00089,6,9482.95,9417.93,4747.98,52227.75,credit_card,ADDR-00000038-04,web,CMP-2024-WINTER01,completed
ORD-2024-00000271,2024-01-15 07:00:44,CUS-00000035,PRD-ELT-00120,8,166771.35,252355.81,108181.5,1189996.49,credit_card,ADDR-00000035-01,app,CMP-2024-WINTER01,completed
ORD-2024-00000419,2024-01-15 09:42:54,CUS-00000042,PRD-BKS-00118,8,1401.25,1778.71,943.13,10374.42,cod,ADDR-00000042-01,web,CMP-2024-SPRING01,completed
ORD-2024-00000041,2024-01-15 21:31:10,CUS-00000033,PRD-BKS-00074,3,3935.83,1438.3,1036.92,11406.11,cod,ADDR-00000033-01,app,CMP-2024-AUTUMN01,completed
ORD-2024-00000491,2024-01-16 19:52:56,CUS-00000032,PRD-ELT-00069,8,38702.37,17267.25,29235.17,321586.88,credit_card,ADDR-00000032-01,app,CMP-2024-AUTUMN01,completed
ORD-2024-00000426,2024-01-17 13:08:19,CUS-00000067,PRD-FSH-00071,5,2791.68,1959.49,1199.89,13198.8,cod,ADDR-00000067-02,web,CMP-2024-SUMMER01,completed
ORD-2024-00000245,2024-01-17 19:18:36,CUS-00000085,PRD-FSH-00041,5,5456.28,0.0,2728.14,30009.54,credit_card,ADDR-00000085-02,web,,completed
ORD-2024-00000358,2024-01-17 21:02:34,CUS-00000095,PRD-BKS-00022,4,5253.78,3321.38,1769.37,19463.11,credit_card,ADDR-00000095-04,app,CMP-2024-SPRING01,completed
ORD-2024-00000130,2024-01-19 13:44:52,CUS-00000066,PRD-ELT-00075,4,180330.07,117852.51,60346.78,663814.55,credit_card,ADDR-00000066-03,web,CMP-2024-SPRING01,completed
ORD-2024-00000431,2024-01-20 03:29:41,CUS-00000029,PRD-FSH-00025,1,15576.38,0.0,1557.64,17134.02,credit_card,ADDR-00000029-05,web,,completed
ORD-2024-00000029,2024-01-20 15:17:27,CUS-00000032,PRD-BKS-00019,8,5612.49,7925.64,3697.43,40671.71,credit_card,ADDR-00000032-01,app,CMP-2024-WINTER01,completed
ORD-2024-00000087,2024-01-21 09:48:15,CUS-00000034,PRD-ELT-00062,7,33360.53,26763.05,20676.07,227436.73,credit_card,ADDR-00000034-01,web,CMP-2024-WINTER01,completed
ORD-2024-00000308,2024-01-21 18:04:27,CUS-00000006,PRD-ELT-00136,9,76464.31,43024.17,64515.46,709670.08,credit_card,ADDR-00000006-04,app,CMP-2024-AUTUMN01,completed
ORD-2024-00000007,2024-01-21 20:57:36,CUS-00000008,PRD-BKS-00037,7,4787.95,0.0,3351.57,36867.22,credit_card,ADDR-00000008-03,web,,completed
ORD-2024-00000397,2024-01-22 00:17:31,CUS-00000048,PRD-INT-00078,8,32676.44,37432.37,22397.92,246377.07,credit_card,ADDR-00000048-02,web,CMP-2024-WINTER01,completed
ORD-2024-00000500,2024-01-22 08:16:14,CUS-00000072,PRD-BKS-00097,5,2348.71,876.09,1086.75,11954.21,credit_card,ADDR-00000072-05,web,CMP-2024-SPRING01,completed
ORD-2024-00000282,2024-01-23 10:53:47,CUS-00000038,PRD-BKS-00139,5,4433.79,0.0,2216.89,24385.84,credit_card,ADDR-00000038-02,web,,completed
ORD-2024-00000273,2024-01-23 19:54:54,CUS-00000081,PRD-FSH-00072,8,9695.56,0.0,7756.45,85320.93,credit_card,ADDR-00000081-04,web,,completed
ORD-2024-00000139,2024-01-24 02:15:57,CUS-00000084,PRD-FSH-00071,7,2791.68,2753.18,1678.86,18467.44,credit_card,ADDR-00000084-05,web,CMP-2024-AUTUMN01,completed
ORD-2024-00000395,2024-01-24 11:09:06,CUS-00000065,PRD-BKS-00004,1,2247.42,234.22,201.32,2214.52,credit_card,ADDR-00000065-03,web,CMP-2024-SPRING01,completed
ORD-2024-00000496,2024-01-24 12:47:45,CUS-00000048,PRD-FSH-00136,10,7922.95,7478.19,7175.13,78926.44,credit_card,ADDR-00000048-03,store,CMP-2024-SPRING01,completed
ORD-2024-00000020,2024-01-24 16:14:24,CUS-00000018,PRD-FSH-00122,8,27657.3,14506.3,20675.21,227427.31,cod,ADDR-00000018-04,app,CMP-2024-SPRING01,completed
ORD-2024-00000083,2024-01-24 19:08:07,CUS-00000016,PRD-BKS-00007,5,2314.82,0.0,1157.41,12731.51,credit_card,ADDR-00000016-05,web,,completed
ORD-2024-00000249,2024-01-28 02:54:12,CUS-00000074,PRD-ELT-00074,4,150985.45,116259.91,48768.19,536450.08,convenience,ADDR-00000074-05,app,CMP-2024-WINTER01,completed
ORD-2024-00000118,2024-01-28 17:21:17,CUS-00000040,PRD-BKS-00066,9,4687.15,0.0,4218.44,46402.79,credit_card,ADDR-00000040-03,web,,completed
ORD-2024-00000383,2024-01-29 07:47:41,CUS-00000095,PRD-INT-00143,10,57156.0,0.0,57156.0,628716.0,credit_card,ADDR-00000095-04,web,,completed
ORD-2024-00000050,2024-01-29 22:21:14,CUS-00000086,PRD-BKS-00129,1,2259.22,366.35,189.29,2082.16,credit_card,ADDR-00000086-03,web,CMP-2024-SUMMER01,completed
ORD-2024-00000222,2024-01-30 04:52:23,CUS-00000018,PRD-ELT-00112,6,167466.44,179203.57,82559.51,908154.58,cod,ADDR-00000018-02,web,CMP-2024-SPRING01,completed
ORD-2024-00000398,2024-01-31 20:06:10,CUS-00000095,PRD-BKS-00082,8,7297.31,6999.06,5137.94,56517.36,cod,ADDR-00000095-05,store,CMP-2024-AUTUMN01,completed
ORD-2024-00000112,2024-02-01 07:14:27,CUS-00000067,PRD-INT-00023,10,73450.53,59579.98,67492.53,742417.85,cod,ADDR-00000067-03,web,CMP-2024-AUTUMN01,completed
ORD-2024-00000078,2024-02-02 20:18:04,CUS-00000064,PRD-ELT-00123,5,200211.46,163241.32,83781.6,921597.58,credit_card,ADDR-00000064-03,web,CMP-2024-SUMMER01,completed
ORD-2024-00000096,2024-02-03 17:27:02,CUS-00000100,PRD-BKS-00052,5,2313.06,1142.27,1042.3,11465.33,credit_card,ADDR-00000100-05,web,CMP-2024-WINTER01,completed
ORD-2024-00000289,2024-02-05 08:34:03,CUS-00000044,PRD-INT-00043,7,69112.58,34784.9,44900.32,493903.48,credit_card,ADDR-00000044-04,web,CMP-2024-SUMMER01,completed
ORD-2024-00000140,2024-02-05 13:30:11,CUS-00000088,PRD-BKS-00108,5,2295.8,1148.99,1033.0,11363.01,cod,ADDR-00000088-02,web,CMP-2024-SPRING01,completed
ORD-2024-00000035,2024-02-07 16:22:24,CUS-00000063,PRD-ELT-00012,7,117896.38,0.0,82527.47,907802.13,credit_card,ADDR-00000063-05,web,,completed
ORD-2024-00000019,2024-02-08 11:38:53,CUS-00000011,PRD-INT-00119,8,67090.22,60704.69,47601.71,523618.78,credit_card,ADDR-00000011-05,web,CMP-2024-SPRING01,cancelled
ORD-2024-00000361,2024-02-09 08:43:16,CUS-00000069,PRD-BKS-00036,10,7084.26,9337.56,6150.5,67655.54,credit_card,ADDR-00000069-01,web,CMP-2024-WINTER01,completed
ORD-2024-00000409,2024-02-09 11:40:35,CUS-00000082,PRD-BKS-00094,6,3730.3,4242.16,1813.96,19953.6,credit_card,ADDR-00000082-05,web,CMP-2024-SUMMER01,completed
ORD-2024-00000459,2024-02-10 06:12:20,CUS-00000017,PRD-BKS-00126,4,4070.2,2415.01,1386.58,15252.37,credit_card,ADDR-00000017-01,app,CMP-2024-AUTUMN01,completed
ORD-2024-00000036,2024-02-10 07:29:42,CUS-00000055,PRD-FSH-00113,7,8465.93,3008.21,5625.33,61878.63,credit_card,ADDR-00000055-02,app,CMP-2024-SUMMER01,completed
ORD-2024-00000394,2024-02-10 15:48:32,CUS-00000083,PRD-INT-00093,6,10302.31,7220.41,5459.35,60052.8,credit_card,ADDR-00000083-02,app,CMP-2024-SPRING01,completed
ORD-2024-00000171,2024-02-11 10:37:52,CUS-00000046,PRD-BKS-00032,6,4468.98,1831.8,2498.21,27480.29,credit_card,ADDR-00000046-05,web,CMP-2024-WINTER01,completed
ORD-2024-00000242,2024-02-13 00:52:25,CUS-00000033,PRD-INT-00049,1,41093.07,7718.37,3337.47,36712.17,convenience,ADDR-00000033-01,app,CMP-2024-AUTUMN01,completed
ORD-2024-00000449,2024-02-13 06:27:25,CUS-00000092,PRD-ELT-00099,7,130659.54,0.0,91461.68,1006078.46,credit_card,ADDR-00000092-05,web,,completed
ORD-2024-00000264,2024-02-14 12:42:12,CUS-00000019,PRD-ELT-00055,6,125267.5,128909.0,62269.6,684965.6,credit_card,ADDR-00000019-01,store,CMP-2024-SPRING01,completed
ORD-2024-00000072,2024-02-16 13:34:55,CUS-00000018,PRD-INT-00137,6,12999.17,13129.94,6486.51,71351.59,cod,ADDR-00000018-04,app,CMP-2024-SPRING01,completed
ORD-2024-00000148,2024-02-16 22:46:44,CUS-00000058,PRD-BKS-00064,8,3496.14,2131.56,2583.76,28421.32,cod,ADDR-00000058-05,web,CMP-2024-SPRING01,completed
ORD-2024-00000369,2024-02-16 23:43:41,CUS-00000017,PRD-BKS-00051,8,1503.13,1799.33,1022.57,11248.28,credit_card,ADDR-00000017-02,web,CMP-2024-AUTUMN01,cancelled
ORD-2024-00000159,2024-02-17 12:39:33,CUS-00000094,PRD-FSH-00020,6,9961.99,10615.25,4915.67,54072.36,credit_card,ADDR-00000094-03,app,CMP-2024-SUMMER01,completed
ORD-2024-00000276,2024-02-17 13:33:15,CUS-00000075,PRD-FSH-00127,7,15468.45,14757.67,9352.15,102873.63,credit_card,ADDR-00000075-03,app,CMP-2024-SPRING01,completed
ORD-2024-00000304,2024-02-18 06:40:17,CUS-00000087,PRD-INT-00072,8,19097.99,0.0,15278.39,168062.31,cod,ADDR-00000087-02,app,,completed
ORD-2024-00000442,2024-02-18 09:30:44,CUS-00000040,PRD-FSH-00043,7,18947.4,8085.17,12454.66,137001.29,credit_card,ADDR-00000040-02,app,CMP-2024-SPRING01,completed
ORD-2024-00000408,2024-02-18 14:25:10,CUS-00000067,PRD-BKS-00105,9,2155.41,1576.5,1782.22,19604.41,credit_card,ADDR-00000067-02,web,CMP-2024-WINTER01,completed
ORD-2024-00000172,2024-02-19 04:39:13,CUS-00000092,PRD-INT-00107,7,60650.41,69379.3,35517.36,390690.93,cod,ADDR-00000092-03,web,CMP-2024-AUTUMN01,cancelled
ORD-2024-00000235,2024-02-19 08:04:54,CUS-00000042,PRD-INT-00096,3,70751.16,20114.74,19213.87,211352.61,credit_card,ADDR-00000042-03,web,CMP-2024-SUMMER01,completed
ORD-2024-00000106,2024-02-19 18:44:32,CUS-00000075,PRD-BKS-00040,10,1726.72,0.0,1726.72,18993.92,credit_card,ADDR-00000075-04,web,,completed
ORD-2024-00000262,2024-02-21 02:38:42,CUS-00000096,PRD-ELT-00021,4,51704.59,10937.32,19588.1,215469.14,credit_card,ADDR-00000096-02,web,CMP-2024-WINTER01,completed
ORD-2024-00000461,2024-02-21 05:03:50,CUS-00000074,PRD-FSH-00115,3,15210.93,2553.01,4307.98,47387.76,credit_card,ADDR-00000074-01,web,CMP-2024-WINTER01,completed
ORD-2024-00000240,2024-02-21 09:18:43,CUS-00000068,PRD-ELT-00081,4,150201.94,0.0,60080.78,660888.54,credit_card,ADDR-00000068-03,app,,completed
ORD-2024-00000446,2024-02-21 11:41:20,CUS-00000055,PRD-FSH-00044,9,3069.79,5396.99,2223.11,24454.23,credit_card,ADDR-00000055-05,web,CMP-2024-WINTER01,completed
ORD-2024-00000108,2024-02-22 02:55:33,CUS-00000080,PRD-FSH-00060,8,27405.49,31307.81,18793.61,206729.72,credit_card,ADDR-00000080-05,app,CMP-2024-WINTER01,completed
ORD-2024-00000261,2024-02-22 12:59:56,CUS-00000065,PRD-BKS-00027,1,3149.79,284.39,286.54,3151.94,credit_card,ADDR-00000065-04,web,CMP-2024-SPRING01,completed
ORD-2024-00000319,2024-02-24 10:03:01,CUS-00000064,PRD-BKS-00025,1,5058.72,412.42,464.63,5110.93,credit_card,ADDR-00000064-02,store,CMP-2024-SUMMER01,completed
ORD-2024-00000175,2024-02-25 20:11:08,CUS-00000046,PRD-FSH-00040,4,22442.28,15413.61,7435.55,81791.06,credit_card,ADDR-00000046-03,app,CMP-2024-WINTER01,completed
ORD-2024-00000251,2024-02-25 23:57:17,CUS-00000091,PRD-FSH-00115,6,15210.93,8882.56,8238.3,90621.32,credit_card,ADDR-00000091-03,web,CMP-2024-SUMMER01,cancelled
ORD-2024-00000028,2024-02-27 23:58:25,CUS-00000086,PRD-ELT-00088,10,166911.47,246110.28,142300.44,1565304.86,credit_card,ADDR-00000086-01,store,CMP-2024-SUMMER01,cancelled
ORD-2024-00000180,2024-02-28 03:01:43,CUS-00000045,PRD-ELT-00081,6,150201.94,123707.23,77750.44,855254.85,cod,ADDR-00000045-04,app,CMP-2024-AUTUMN01,completed
ORD-2024-00000176,2024-02-29 06:52:19,CUS-00000005,PRD-FSH-00004,1,8344.05,677.59,766.65,8433.11,credit_card,ADDR-00000005-05,web,CMP-2024-AUTUMN01,completed
ORD-2024-00000302,2024-02-29 16:33:28,CUS-00000018,PRD-FSH-00016,4,13973.19,9832.8,4606.0,50665.96,credit_card,ADDR-00000018-02,web,CMP-2024-AUTUMN01,completed
ORD-2024-00000054,2024-02-29 21:16:44,CUS-00000036,PRD-ELT-00084,3,44103.66,9898.57,12241.24,134653.65,credit_card,ADDR-00000036-03,app,CMP-2024-SUMMER01,completed
ORD-2024-00000039,2024-03-01 02:49:36,CUS-00000031,PRD-ELT-00008,8,147989.49,89385.65,109453.03,1203983.3,credit_card,ADDR-00000031-02,web,CMP-2024-SPRING01,completed
ORD-2024-00000047,2024-03-02 01:41:52,CUS-00000044,PRD-INT-00020,1,26078.4,3413.45,2266.5,24931.45,credit_card,ADDR-00000044-02,web,CMP-2024-SPRING01,completed
ORD-2024-00000481,2024-03-02 18:14:18,CUS-00000072,PRD-BKS-00097,3,2348.71,416.73,662.94,7292.34,credit_card,ADDR-00000072-04,web,CMP-2024-SUMMER01,completed
ORD-2024-00000025,2024-03-03 04:58:40,CUS-00000022,PRD-INT-00063,7,51958.49,39887.89,32382.15,356203.69,convenience,ADDR-00000022-03,store,CMP-2024-WINTER01,completed
ORD-2024-00000339,2024-03-03 09:20:24,CUS-00000013,PRD-INT-00051,7,46411.33,64396.35,26048.3,286531.26,credit_card,ADDR-00000013-03,web,CMP-2024-AUTUMN01,completed
ORD-2024-00000081,2024-03-03 12:18:03,CUS-00000031,PRD-FSH-00077,5,19223.63,14437.26,8168.09,89848.98,credit_card,ADDR-00000031-05,app,CMP-2024-WINTER01,completed
ORD-2024-00000252,2024-03-04 19:38:03,CUS-00000059,PRD-BKS-00004,10,2247.42,1539.24,2093.5,23028.46,credit_card,ADDR-00000059-05,web,CMP-2024-SPRING01,completed
ORD-2024-00000267,2024-03-04 21:03:27,CUS-00000044,PRD-FSH-00033,2,27244.08,4777.01,4971.12,54682.27,credit_card,ADDR-00000044-02,web,CMP-2024-SUMMER01,completed
ORD-2024-00000490,2024-03-05 07:04:11,CUS-00000079,PRD-ELT-00012,3,117896.38,43844.39,30984.48,340829.23,credit_card,ADDR-00000079-04,web,CMP-2024-SUMMER01,completed
ORD-2024-00000151,2024-03-06 12:36:24,CUS-00000013,PRD-BKS-00065,6,2923.38,0.0,1754.03,19294.31,convenience,ADDR-00000013-02,web,,completed
ORD-2024-00000065,2024-03-07 01:21:55,CUS-00000081,PRD-ELT-00040,7,18843.08,13636.77,11826.48,130091.27,cod,ADDR-00000081-04,web,CMP-2024-WINTER01,completed
ORD-2024-00000187,2024-03-07 13:23:57,CUS-00000015,PRD-INT-00071,9,58147.26,0.0,52332.53,575657.87,credit_card,ADDR-00000015-01,app,,completed
ORD-2024-00000429,2024-03-09 01:44:45,CUS-00000071,PRD-BKS-00130,8,5580.64,6699.46,3794.57,41740.23,convenience,ADDR-00000071-04,app,CMP-2024-SPRING01,completed
ORD-2024-00000092,2024-03-09 20:11:16,CUS-00000048,PRD-ELT-00117,5,112886.18,86474.77,47795.61,525751.74,cod,ADDR-00000048-04,store,CMP-2024-WINTER01,completed
ORD-2024-00000021,2024-03-10 04:19:13,CUS-00000049,PRD-BKS-00007,1,2314.82,0.0,231.48,2546.3,cod,ADDR-00000049-02,web,,completed
ORD-2024-00000181,2024-03-10 12:09:30,CUS-00000017,PRD-FSH-00036,5,25994.41,23377.85,10659.42,117253.62,credit_card,ADDR-00000017-03,app,CMP-2024-AUTUMN01,returned
ORD-2024-00000166,2024-03-11 13:52:00,CUS-00000042,PRD-BKS-00060,9,2287.07,1287.06,1929.66,21226.23,credit_card,ADDR-00000042-03,web,CMP-2024-WINTER01,completed
ORD-2024-00000155,2024-03-11 20:10:13,CUS-00000053,PRD-BKS-00089,4,3265.98,0.0,1306.39,14370.31,credit_card,ADDR-00000053-01,web,,completed
ORD-2024-00000070,2024-03-11 23:18:51,CUS-00000080,PRD-INT-00110,5,27788.53,8446.99,13049.57,143545.23,credit_card,ADDR-00000080-02,web,CMP-2024-SUMMER01,completed
ORD-2024-00000428,2024-03-13 18:46:34,CUS-00000063,PRD-BKS-00022,1,5253.78,644.44,460.93,5070.27,credit_card,ADDR-00000063-01,web,CMP-2024-SPRING01,completed
ORD-2024-00000300,2024-03-14 00:55:55,CUS-00000064,PRD-FSH-00105,5,2975.38,2959.46,1191.74,13109.18,credit_card,ADDR-00000064-01,web,CMP-2024-SPRING01,completed
ORD-2024-00000226,2024-03-14 12:03:11,CUS-00000075,PRD-BKS-00034,5,6556.66,1948.8,3083.45,33917.95,credit_card,ADDR-00000075-05,web,CMP-2024-SUMMER01,completed
ORD-2024-00000177,2024-03-16 02:26:17,CUS-00000055,PRD-BKS-00097,4,2348.71,0.0,939.48,10334.32,credit_card,ADDR-00000055-04,web,,completed
ORD-2024-00000457,2024-03-16 10:24:17,CUS-00000006,PRD-INT-00135,3,75019.28,29974.67,19508.32,214591.49,credit_card,ADDR-00000006-03,web,CMP-2024-SPRING01,completed
ORD-2024-00000059,2024-03-16 19:11:02,CUS-00000043,PRD-BKS-00056,6,3543.9,1855.84,1940.76,21348.32,cod,ADDR-00000043-02,web,CMP-2024-SUMMER01,completed
ORD-2024-00000205,2024-03-16 21:23:38,CUS-00000037,PRD-BKS-00108,10,2295.8,2921.72,2003.63,22039.91,credit_card,ADDR-00000037-03,web,CMP-2024-SPRING01,completed
ORD-2024-00000259,2024-03-17 12:00:57,CUS-00000002,PRD-FSH-00132,4,31543.44,0.0,12617.38,138791.14,cod,ADDR-00000002-03,web,,completed
ORD-2024-00000040,2024-03-17 13:38:13,CUS-00000023,PRD-FSH-00114,10,6260.92,0.0,6260.92,68870.12,credit_card,ADDR-00000023-02,web,,returned
ORD-2024-00000164,2024-03-18 21:38:16,CUS-00000078,PRD-BKS-00032,7,4468.98,3132.07,2815.08,30965.87,credit_card,ADDR-00000078-01,web,CMP-2024-AUTUMN01,completed
ORD-2024-00000418,2024-03-19 19:46:55,CUS-00000027,PRD-BKS-00115,7,1564.91,2023.24,893.11,9824.24,convenience,ADDR-00000027-01,web,CMP-2024-WINTER01,completed
ORD-2024-00000391,2024-03-20 23:26:57,CUS-00000075,PRD-INT-00079,5,65001.56,30436.05,29457.18,324028.93,cod,ADDR-00000075-01,web,CMP-2024-AUTUMN01,cancelled
ORD-2024-00000246,2024-03-22 08:02:46,CUS-00000071,PRD-BKS-00029,4,4327.2,2416.16,1489.26,16381.9,credit_card,ADDR-00000071-05,web,CMP-2024-SPRING01,completed
ORD-2024-00000137,2024-03-22 08:36:11,CUS-00000005,PRD-ELT-00025,4,55048.75,0.0,22019.5,242214.5,cod,ADDR-00000005-04,web,,completed
ORD-2024-00000247,2024-03-22 11:48:20,CUS-00000037,PRD-INT-00120,3,12737.91,6138.38,3207.53,35282.88,credit_card,ADDR-00000037-05,app,CMP-2024-SPRING01,completed
ORD-2024-00000005,2024-03-23 13:44:54,CUS-00000074,PRD-INT-00119,2,67090.22,20256.3,11392.41,125316.55,convenience,ADDR-00000074-03,web,CMP-2024-AUTUMN01,completed
ORD-2024-00000061,2024-03-25 02:33:39,CUS-00000098,PRD-FSH-00087,2,41497.89,4664.62,7833.12,86164.28,credit_card,ADDR-00000098-04,web,CMP-2024-WINTER01,completed
ORD-2024-00000478,2024-03-25 07:29:35,CUS-00000079,PRD-BKS-00036,10,7084.26,4868.89,6597.37,72571.08,credit_card,ADDR-00000079-04,app,CMP-2024-AUTUMN01,cancelled
ORD-2024-00000233,2024-03-25 08:59:02,CUS-00000005,PRD-BKS-00016,9,2360.94,1677.31,1957.11,21528.26,cod,ADDR-00000005-03,web,CMP-2024-AUTUMN01,completed
ORD-2024-00000422,2024-03-26 16:12:25,CUS-00000017,PRD-INT-00128,6,65528.14,20496.5,37267.23,409939.57,convenience,ADDR-00000017-04,app,CMP-2024-SUMMER01,completed
ORD-2024-00000064,2024-03-27 10:22:12,CUS-00000082,PRD-BKS-00003,3,3899.27,1208.2,1048.96,11538.57,credit_card,ADDR-00000082-04,app,CMP-2024-SUMMER01,completed
ORD-2024-00000217,2024-03-29 10:22:18,CUS-00000002,PRD-ELT-00048,7,15110.92,6475.76,9930.07,109230.75,credit_card,ADDR-00000002-01,web,CMP-2024-AUTUMN01,completed
ORD-2024-00000002,2024-03-31 20:42:54,CUS-00000049,PRD-BKS-00138,3,2092.81,0.0,627.84,6906.27,credit_card,ADDR-00000049-01,app,,completed
ORD-2024-00000389,2024-03-31 23:13:05,CUS-00000071,PRD-ELT-00107,6,144892.06,113839.59,75551.28,831064.05,cod,ADDR-00000071-02,store,CMP-2024-SUMMER01,completed
ORD-2024-00000479,2024-04-02 01:38:37,CUS-00000064,PRD-BKS-00108,7,2295.8,978.45,1509.22,16601.37,credit_card,ADDR-00000064-02,web,CMP-2024-SUMMER01,completed
ORD-2024-00000406,2024-04-02 18:10:28,CUS-00000010,PRD-BKS-00026,1,5464.8,642.66,482.21,5304.35,credit_card,ADDR-00000010-05,web,CMP-2024-AUTUMN01,completed
ORD-2024-00000203,2024-04-03 18:03:14,CUS-00000071,PRD-INT-00054,5,83446.06,0.0,41723.03,458953.33,credit_card,ADDR-00000071-01,app,,completed
ORD-2024-00000154,2024-04-05 21:47:52,CUS-00000082,PRD-ELT-00009,6,137260.73,0.0,82356.44,905920.82,credit_card,ADDR-00000082-01,app,,completed
ORD-2024-00000075,2024-04-06 02:14:48,CUS-00000039,PRD-INT-00006,1,17773.99,2038.96,1573.5,17308.53,credit_card,ADDR-00000039-02,web,CMP-2024-WINTER01,completed
ORD-2024-00000012,2024-04-06 08:39:06,CUS-00000031,PRD-INT-00143,4,57156.0,0.0,22862.4,251486.4,cod,ADDR-00000031-02,web,,completed
ORD-2024-00000188,2024-04-09 02:59:26,CUS-00000030,PRD-BKS-00027,8,3149.79,4320.62,2087.77,22965.47,credit_card,ADDR-00000030-05,app,CMP-2024-SUMMER01,completed
ORD-2024-00000455,2024-04-09 13:27:05,CUS-00000085,PRD-BKS-00075,10,2045.63,2891.96,1756.43,19320.77,credit_card,ADDR-00000085-01,web,CMP-2024-SUMMER01,completed
ORD-2024-00000183,2024-04-12 14:05:48,CUS-00000029,PRD-ELT-00069,9,38702.37,35005.85,31331.55,344647.03,convenience,ADDR-00000029-05,web,CMP-2024-SPRING01,completed
ORD-2024-00000045,2024-04-13 15:07:29,CUS-00000071,PRD-BKS-00067,2,5334.5,1063.88,960.51,10565.63,cod,ADDR-00000071-03,web,CMP-2024-WINTER01,returned
ORD-2024-00000349,2024-04-13 21:20:41,CUS-00000035,PRD-BKS-00041,2,2528.75,835.37,422.21,4644.34,convenience,ADDR-00000035-05,web,CMP-2024-SUMMER01,completed
ORD-2024-00000305,2024-04-14 01:53:20,CUS-00000086,PRD-FSH-00092,7,1492.72,1335.21,911.38,10025.21,convenience,ADDR-00000086-04,app,CMP-2024-AUTUMN01,completed
ORD-2024-00000306,2024-04-14 11:10:16,CUS-00000080,PRD-ELT-00104,9,17803.48,0.0,16023.13,176254.45,cod,ADDR-00000080-01,web,,completed
ORD-2024-00000324,2024-04-16 02:29:50,CUS-00000071,PRD-FSH-00115,1,15210.93,872.96,1433.8,15771.77,credit_card,ADDR-00000071-04,web,CMP-2024-AUTUMN01,completed
ORD-2024-00000315,2024-04-16 04:03:42,CUS-00000031,PRD-ELT-00030,9,86315.43,94458.54,68238.03,750618.36,cod,ADDR-00000031-03,web,CMP-2024-SPRING01,completed
ORD-2024-00000299,2024-04-16 06:53:33,CUS-00000051,PRD-BKS-00121,2,4382.12,0.0,876.42,9640.66,cod,ADDR-00000051-01,web,,completed
ORD-2024-00000225,2024-04-17 00:02:28,CUS-00000066,PRD-FSH-00032,2,23054.0,5615.82,4049.22,44541.4,convenience,ADDR-00000066-01,web,CMP-2024-SPRING01,completed
ORD-2024-00000280,2024-04-17 17:30:45,CUS-00000010,PRD-INT-00015,10,5532.39,10899.34,4442.46,48867.02,credit_card,ADDR-00000010-01,app,CMP-2024-SPRING01,returned
ORD-2024-00000104,2024-04-17 22:32:39,CUS-00000011,PRD-FSH-00109,4,14344.69,4703.99,5267.48,57942.25,credit_card,ADDR-00000011-05,app,CMP-2024-AUTUMN01,completed
ORD-2024-00000367,2024-04-18 02:07:25,CUS-00000077,PRD-INT-00144,3,15620.81,3824.06,4303.84,47342.21,credit_card,ADDR-00000077-04,web,CMP-2024-WINTER01,completed
ORD-2024-00000238,2024-04-19 13:36:48,CUS-00000024,PRD-BKS-00114,2,2745.38,815.16,467.56,5143.16,cod,ADDR-00000024-05,app,CMP-2024-SUMMER01,completed
ORD-2024-00000494,2024-04-20 07:36:14,CUS-00000082,PRD-BKS-00060,10,2287.07,3944.55,1892.62,20818.77,credit_card,ADDR-00000082-05,app,CMP-2024-AUTUMN01,completed
ORD-2024-00000013,2024-04-20 11:48:52,CUS-00000063,PRD-FSH-00036,8,25994.41,33379.84,17457.54,192032.98,credit_card,ADDR-00000063-05,web,CMP-2024-AUTUMN01,completed
ORD-2024-00000044,2024-04-20 14:24:11,CUS-00000071,PRD-FSH-00043,2,18947.4,0.0,3789.48,41684.28,credit_card,ADDR-00000071-01,app,,completed
ORD-2024-00000363,2024-04-20 20:45:35,CUS-00000024,PRD-BKS-00028,3,3490.0,1481.92,898.81,9886.89,credit_card,ADDR-00000024-04,web,CMP-2024-AUTUMN01,completed
ORD-2024-00000107,2024-04-20 21:43:02,CUS-00000094,PRD-BKS-00035,2,1764.3,0.0,352.86,3881.46,credit_card,ADDR-00000094-01,web,,completed
ORD-2024-00000049,2024-04-21 05:52:36,CUS-00000011,PRD-INT-00017,2,34242.33,6599.68,6188.5,68073.48,credit_card,ADDR-00000011-04,web,CMP-2024-AUTUMN01,completed
ORD-2024-00000444,2024-04-21 10:38:58,CUS-00000089,PRD-FSH-00072,5,9695.56,0.0,4847.78,53325.58,credit_card,ADDR-00000089-05,web,,completed
ORD-2024-00000353,2024-04-21 15:54:48,CUS-00000062,PRD-ELT-00081,4,150201.94,92026.71,50878.11,559659.16,credit_card,ADDR-00000062-01,web,CMP-2024-SPRING01,cancelled
ORD-2024-00000115,2024-04-23 00:09:37,CUS-00000037,PRD-FSH-00129,1,8380.15,1299.07,708.11,7789.19,credit_card,ADDR-00000037-01,web,CMP-2024-WINTER01,completed
ORD-2024-00000495,2024-04-24 20:34:53,CUS-00000039,PRD-FSH-00056,9,17590.58,26267.76,13204.75,145252.21,credit_card,ADDR-00000039-04,app,CMP-2024-AUTUMN01,completed
ORD-2024-00000314,2024-04-24 20:51:12,CUS-00000077,PRD-BKS-00084,7,4987.1,3619.11,3129.06,34419.65,credit_card,ADDR-00000077-05,web,CMP-2024-SPRING01,completed
ORD-2024-00000373,2024-04-25 19:41:00,CUS-00000004,PRD-FSH-00086,3,4403.18,0.0,1320.95,14530.49,cod,ADDR-00000004-01,web,,completed
ORD-2024-00000124,2024-04-27 09:09:31,CUS-00000065,PRD-FSH-00032,4,23054.0,5024.61,8719.14,95910.53,convenience,ADDR-00000065-02,web,CMP-2024-WINTER01,completed
ORD-2024-00000341,2024-04-29 03:19:41,CUS-00000083,PRD-INT-00041,2,20520.88,2328.39,3871.34,42584.71,cod,ADDR-00000083-01,web,CMP-2024-SUMMER01,completed
ORD-2024-00000058,2024-04-29 16:12:50,CUS-00000039,PRD-FSH-00086,7,4403.18,3686.52,2713.57,29849.31,cod,ADDR-00000039-01,app,CMP-2024-WINTER01,completed
ORD-2024-00000326,2024-04-30 23:23:47,CUS-00000050,PRD-INT-00015,2,5532.39,866.61,1019.82,11217.99,cod,ADDR-00000050-05,store,CMP-2024-SUMMER01,cancelled
ORD-2024-00000160,2024-04-30 23:34:37,CUS-00000078,PRD-INT-00048,4,5411.34,0.0,2164.54,23809.9,credit_card,ADDR-00000078-04,web,,cancelled
ORD-2024-00000134,2024-05-01 02:17:07,CUS-00000070,PRD-ELT-00037,2,148727.26,25315.74,27213.88,299352.66,credit_card,ADDR-00000070-01,web,CMP-2024-AUTUMN01,completed
ORD-2024-00000218,2024-05-03 19:51:22,CUS-00000073,PRD-INT-00126,10,23642.62,33285.29,20314.09,223455.0,convenience,ADDR-00000073-02,app,CMP-2024-WINTER01,completed
ORD-2024-00000497,2024-05-04 07:11:57,CUS-00000024,PRD-FSH-00030,2,12317.37,3476.59,2115.82,23273.97,credit_card,ADDR-00000024-05,web,CMP-2024-AUTUMN01,completed
ORD-2024-00000295,2024-05-04 18:52:10,CUS-00000045,PRD-FSH-00102,10,24167.11,47741.72,19392.94,213322.32,credit_card,ADDR-00000045-05,app,CMP-2024-AUTUMN01,completed
ORD-2024-00000147,2024-05-06 20:09:24,CUS-00000006,PRD-ELT-00112,2,167466.44,56430.97,27850.19,306352.1,credit_card,ADDR-00000006-02,web,CMP-2024-AUTUMN01,completed
ORD-2024-00000448,2024-05-07 21:20:49,CUS-00000093,PRD-INT-00029,4,58878.44,30822.41,20469.14,225160.49,credit_card,ADDR-00000093-01,app,CMP-2024-SPRING01,completed
ORD-2024-00000113,2024-05-07 23:51:25,CUS-00000051,PRD-BKS-00140,4,3110.08,0.0,1244.03,13684.35,credit_card,ADDR-00000051-04,web,,completed
ORD-2024-00000284,2024-05-09 03:05:01,CUS-00000044,PRD-FSH-00041,1,5456.28,416.11,504.02,5544.19,convenience,ADDR-00000044-04,app,CMP-2024-SUMMER01,completed
ORD-2024-00000266,2024-05-10 23:12:02,CUS-00000084,PRD-ELT-00045,7,96994.14,36858.52,64210.05,706310.51,credit_card,ADDR-00000084-04,app,CMP-2024-AUTUMN01,completed
ORD-2024-00000101,2024-05-12 20:44:09,CUS-00000087,PRD-ELT-00088,10,166911.47,149174.36,151994.03,1671934.37,credit_card,ADDR-00000087-03,store,CMP-2024-AUTUMN01,returned
ORD-2024-00000370,2024-05-13 11:21:07,CUS-00000036,PRD-INT-00062,2,37646.64,12259.5,6303.38,69337.16,cod,ADDR-00000036-04,web,CMP-2024-WINTER01,completed
ORD-2024-00000486,2024-05-14 07:53:02,CUS-00000036,PRD-ELT-00123,3,200211.46,0.0,60063.44,660697.82,cod,ADDR-00000036-04,app,,completed
ORD-2024-00000229,2024-05-16 09:23:49,CUS-00000005,PRD-FSH-00098,9,9946.23,4984.15,8453.19,92985.11,credit_card,ADDR-00000005-05,web,CMP-2024-SPRING01,completed
ORD-2024-00000415,2024-05-17 00:48:59,CUS-00000076,PRD-INT-00126,1,23642.62,4131.19,1951.14,21462.57,cod,ADDR-00000076-05,store,CMP-2024-SPRING01,completed
ORD-2024-00000393,2024-05-17 01:46:57,CUS-00000064,PRD-FSH-00022,5,4575.85,3932.5,1894.68,20841.43,credit_card,ADDR-00000064-02,web,CMP-2024-AUTUMN01,completed
ORD-2024-00000476,2024-05-17 05:42:25,CUS-00000038,PRD-ELT-00142,8,24265.85,12898.46,18122.83,199351.17,cod,ADDR-00000038-04,store,CMP-2024-SUMMER01,completed
ORD-2024-00000149,2024-05-18 15:21:23,CUS-00000031,PRD-INT-00057,1,18047.06,2943.37,1510.37,16614.06,credit_card,ADDR-00000031-02,web,CMP-2024-SPRING01,completed
ORD-2024-00000378,2024-05-19 14:56:43,CUS-00000090,PRD-INT-00119,9,67090.22,56395.74,54741.62,602157.86,convenience,ADDR-00000090-01,web,CMP-2024-AUTUMN01,completed
ORD-2024-00000323,2024-05-20 18:30:28,CUS-00000003,PRD-BKS-00074,10,3935.83,2462.74,3689.56,40585.12,cod,ADDR-00000003-02,store,CMP-2024-SPRING01,completed
ORD-2024-00000380,2024-05-21 05:09:12,CUS-00000075,PRD-BKS-00101,9,1781.91,2778.64,1325.86,14584.41,credit_card,ADDR-00000075-05,app,CMP-2024-SPRING01,completed
ORD-2024-00000480,2024-05-21 13:06:32,CUS-00000082,PRD-FSH-00022,1,4575.85,0.0,457.59,5033.44,credit_card,ADDR-00000082-05,web,,completed
ORD-2024-00000400,2024-05-22 17:22:23,CUS-00000071,PRD-INT-00109,2,79788.0,24929.4,13464.66,148111.26,credit_card,ADDR-00000071-05,app,CMP-2024-WINTER01,completed
ORD-2024-00000023,2024-05-24 22:24:17,CUS-00000068,PRD-FSH-00041,1,5456.28,340.22,511.61,5627.67,credit_card,ADDR-00000068-02,store,CMP-2024-SPRING01,completed
ORD-2024-00000207,2024-05-26 11:30:41,CUS-00000008,PRD-FSH-00015,10,19224.81,0.0,19224.81,211472.91,credit_card,ADDR-00000008-03,web,,completed
ORD-2024-00000077,2024-05-26 17:59:43,CUS-00000099,PRD-BKS-00006,9,4238.85,6134.84,3201.48,35216.29,cod,ADDR-00000099-01,web,CMP-2024-SUMMER01,completed
ORD-2024-00000227,2024-05-27 09:16:05,CUS-00000071,PRD-BKS-00079,4,2671.39,853.77,983.18,10814.97,credit_card,ADDR-00000071-04,store,CMP-2024-SUMMER01,cancelled
ORD-2024-00000062,2024-05-28 14:09:53,CUS-00000034,PRD-FSH-00096,2,7245.85,1370.1,1312.16,14433.76,credit_card,ADDR-00000034-05,web,CMP-2024-AUTUMN01,completed
ORD-2024-00000051,2024-05-28 22:15:14,CUS-00000050,PRD-FSH-00042,9,6569.54,0.0,5912.59,65038.45,convenience,ADDR-00000050-05,web,,completed
ORD-2024-00000048,2024-05-29 13:27:52,CUS-00000051,PRD-INT-00015,3,5532.39,2146.07,1445.11,15896.21,credit_card,ADDR-00000051-01,web,CMP-2024-WINTER01,completed
ORD-2024-00000097,2024-05-30 01:12:54,CUS-00000061,PRD-ELT-00064,4,157041.88,32270.5,59589.7,655486.72,credit_card,ADDR-00000061-03,app,CMP-2024-WINTER01,completed
ORD-2024-00000405,2024-05-30 05:01:44,CUS-00000082,PRD-BKS-00052,3,2313.06,0.0,693.92,7633.1,credit_card,ADDR-00000082-05,app,,completed
ORD-2024-00000185,2024-05-31 07:09:01,CUS-00000018,PRD-FSH-00071,7,2791.68,2997.34,1654.44,18198.86,credit_card,ADDR-00000018-05,web,CMP-2024-SPRING01,completed
ORD-2024-00000316,2024-05-31 12:30:41,CUS-00000078,PRD-BKS-00104,5,2916.81,0.0,1458.4,16042.45,cod,ADDR-00000078-01,web,,completed
ORD-2024-00000312,2024-05-31 18:32:03,CUS-00000053,PRD-INT-00051,10,46411.33,39835.94,42427.74,466705.1,credit_card,ADDR-00000053-02,web,CMP-2024-WINTER01,completed
ORD-2024-00000156,2024-05-31 20:44:00,CUS-00000046,PRD-FSH-00012,8,7272.65,7390.72,5079.05,55869.53,credit_card,ADDR-00000046-01,app,CMP-2024-AUTUMN01,completed
ORD-2024-00000230,2024-06-01 00:21:49,CUS-00000092,PRD-FSH-00094,2,16663.15,2656.19,3067.01,33737.12,credit_card,ADDR-00000092-05,web,CMP-2024-SPRING01,completed
ORD-2024-00000046,2024-06-01 03:30:49,CUS-00000029,PRD-ELT-00056,10,137079.29,0.0,137079.29,1507872.19,credit_card,ADDR-00000029-03,app,,completed
ORD-2024-00000321,2024-06-03 16:46:48,CUS-00000067,PRD-INT-00083,1,25108.17,1744.25,2336.39,25700.31,credit_card,ADDR-00000067-03,web,CMP-2024-SUMMER01,completed
ORD-2024-00000443,2024-06-04 23:02:38,CUS-00000042,PRD-INT-00016,10,39911.92,0.0,39911.92,439031.12,cod,ADDR-00000042-04,web,,completed
ORD-2024-00000432,2024-06-05 07:04:25,CUS-00000094,PRD-FSH-00112,5,15872.26,12213.43,6714.79,73862.66,credit_card,ADDR-00000094-05,web,CMP-2024-AUTUMN01,completed
ORD-2024-00000274,2024-06-05 07:59:05,CUS-00000050,PRD-BKS-00105,2,2155.41,260.98,404.98,4454.82,credit_card,ADDR-00000050-02,web,CMP-2024-WINTER01,completed
ORD-2024-00000493,2024-06-05 13:37:37,CUS-00000018,PRD-BKS-00062,4,5452.23,3465.2,1834.37,20178.09,credit_card,ADDR-00000018-01,web,CMP-2024-AUTUMN01,returned
ORD-2024-00000374,2024-06-06 22:29:39,CUS-00000095,PRD-ELT-00014,3,82818.7,25031.44,22342.47,245767.13,credit_card,ADDR-00000095-02,web,CMP-2024-WINTER01,completed
ORD-2024-00000352,2024-06-08 05:18:29,CUS-00000002,PRD-INT-00088,10,17431.76,15242.8,15907.48,174982.28,credit_card,ADDR-00000002-02,web,CMP-2024-AUTUMN01,completed
ORD-2024-00000387,2024-06-08 19:51:09,CUS-00000031,PRD-BKS-00121,2,4382.12,1748.21,701.6,7717.63,credit_card,ADDR-00000031-03,web,CMP-2024-WINTER01,completed
ORD-2024-00000403,2024-06-10 12:55:44,CUS-00000008,PRD-INT-00004,10,32543.18,0.0,32543.18,357974.98,credit_card,ADDR-00000008-01,web,,completed
ORD-2024-00000430,2024-06-11 06:16:12,CUS-00000032,PRD-INT-00034,9,34040.08,58483.01,24787.77,272665.48,credit_card,ADDR-00000032-02,app,CMP-2024-SUMMER01,completed
ORD-2024-00000464,2024-06-11 08:04:33,CUS-00000049,PRD-BKS-00009,1,1588.91,184.23,140.47,1545.15,credit_card,ADDR-00000049-04,web,CMP-2024-WINTER01,completed
ORD-2024-00000258,2024-06-11 10:40:06,CUS-00000037,PRD-ELT-00140,4,112317.83,41107.99,40816.33,448979.66,credit_card,ADDR-00000037-02,web,CMP-2024-SPRING01,completed
ORD-2024-00000213,2024-06-11 16:29:14,CUS-00000059,PRD-FSH-00111,6,21008.67,13185.29,11286.67,124153.4,credit_card,ADDR-00000059-01,web,CMP-2024-SUMMER01,completed
ORD-2024-00000296,2024-06-11 21:52:54,CUS-00000029,PRD-BKS-00014,5,3601.18,1392.16,1661.37,18275.11,convenience,ADDR-00000029-02,web,CMP-2024-SUMMER01,completed
ORD-2024-00000219,2024-06-12 09:03:55,CUS-00000039,PRD-BKS-00114,2,2745.38,532.46,495.83,5454.13,credit_card,ADDR-00000039-04,web,CMP-2024-WINTER01,completed
ORD-2024-00000440,2024-06-12 11:23:46,CUS-00000085,PRD-INT-00045,1,27033.15,1366.68,2566.65,28233.12,credit_card,ADDR-00000085-04,web,CMP-2024-AUTUMN01,completed
ORD-2024-00000127,2024-06-16 02:50:41,CUS-00000028,PRD-INT-00062,2,37646.64,0.0,7529.33,82822.61,cod,ADDR-00000028-01,web,,completed
ORD-2024-00000186,2024-06-16 06:33:21,CUS-00000065,PRD-FSH-00056,8,17590.58,17830.34,12289.43,135183.73,credit_card,ADDR-00000065-01,web,CMP-2024-AUTUMN01,completed
ORD-2024-00000179,2024-06-17 13:58:59,CUS-00000012,PRD-FSH-00122,1,27657.3,0.0,2765.73,30423.03,credit_card,ADDR-00000012-05,app,,completed
ORD-2024-00000413,2024-06-18 01:04:41,CUS-00000010,PRD-BKS-00091,4,1547.35,1150.68,503.87,5542.59,credit_card,ADDR-00000010-05,store,CMP-2024-SUMMER01,completed
ORD-2024-00000301,2024-06-18 18:16:35,CUS-00000039,PRD-ELT-00064,4,157041.88,0.0,62816.75,690984.27,credit_card,ADDR-00000039-05,web,,completed
ORD-2024-00000441,2024-06-18 19:39:54,CUS-00000015,PRD-INT-00094,8,74782.98,81818.0,51644.58,568090.42,credit_card,ADDR-00000015-05,web,CMP-2024-SUMMER01,completed
ORD-2024-00000473,2024-06-19 17:53:33,CUS-00000020,PRD-BKS-00131,4,6440.46,1892.56,2386.93,26256.21,credit_card,ADDR-00000020-04,web,CMP-2024-WINTER01,completed
ORD-2024-00000110,2024-06-20 06:10:14,CUS-00000040,PRD-INT-00028,9,16794.51,17268.85,13388.17,147269.91,credit_card,ADDR-00000040-05,app,CMP-2024-SPRING01,completed
ORD-2024-00000210,2024-06-20 11:39:25,CUS-00000032,PRD-ELT-00042,4,26003.15,20533.53,8347.91,91826.98,cod,ADDR-00000032-03,web,CMP-2024-AUTUMN01,completed
ORD-2024-00000027,2024-06-20 21:28:45,CUS-00000013,PRD-ELT-00048,1,15110.92,0.0,1511.09,16622.01,credit_card,ADDR-00000013-03,store,,completed
ORD-2024-00000498,2024-06-21 16:50:08,CUS-00000091,PRD-ELT-00030,1,86315.43,12594.67,7372.08,81092.84,credit_card,ADDR-00000091-04,web,CMP-2024-WINTER01,completed
ORD-2024-00000088,2024-06-21 22:57:04,CUS-00000002,PRD-FSH-00042,8,6569.54,5328.8,4722.75,51950.27,credit_card,ADDR-00000002-02,web,CMP-2024-WINTER01,completed
ORD-2024-00000330,2024-06-22 04:57:58,CUS-00000068,PRD-BKS-00009,6,1588.91,730.72,880.27,9683.01,credit_card,ADDR-00000068-04,store,CMP-2024-AUTUMN01,completed
ORD-2024-00000256,2024-06-24 19:22:03,CUS-00000065,PRD-INT-00142,3,20551.94,0.0,6165.58,67821.4,credit_card,ADDR-00000065-05,web,,cancelled
ORD-2024-00000158,2024-06-26 02:40:50,CUS-00000001,PRD-BKS-00139,9,4433.79,7357.89,3254.62,35800.84,convenience,ADDR-00000001-04,app,CMP-2024-SPRING01,completed
ORD-2024-00000298,2024-06-26 15:47:59,CUS-00000060,PRD-INT-00068,2,16856.58,6080.54,2763.26,30395.88,credit_card,ADDR-00000060-02,app,CMP-2024-SUMMER01,completed
ORD-2024-00000150,2024-06-26 22:40:42,CUS-00000020,PRD-FSH-00096,9,7245.85,10532.48,5468.02,60148.19,credit_card,ADDR-00000020-02,app,CMP-2024-SUMMER01,completed
ORD-2024-00000017,2024-06-26 22:46:58,CUS-00000048,PRD-INT-00031,8,39078.72,45470.4,26715.94,293875.3,credit_card,ADDR-00000048-03,web,CMP-2024-SPRING01,completed
ORD-2024-00000197,2024-06-27 23:54:42,CUS-00000079,PRD-FSH-00027,7,12435.2,7435.02,7961.14,87572.52,credit_card,ADDR-00000079-02,web,CMP-2024-WINTER01,completed
ORD-2024-00000320,2024-06-28 21:08:57,CUS-00000040,PRD-FSH-00033,3,27244.08,10623.61,7110.86,78219.49,credit_card,ADDR-00000040-01,web,CMP-2024-AUTUMN01,completed
ORD-2024-00000450,2024-06-29 01:34:53,CUS-00000081,PRD-ELT-00024,9,84736.72,78401.43,68422.91,752651.96,cod,ADDR-00000081-01,app,CMP-2024-SPRING01,completed
ORD-2024-00000125,2024-06-29 05:48:52,CUS-00000066,PRD-BKS-00124,3,4801.8,0.0,1440.54,15845.94,credit_card,ADDR-00000066-05,web,,completed
ORD-2024-00000460,2024-06-29 10:36:39,CUS-00000036,PRD-ELT-00124,10,104046.41,164485.18,87597.89,963576.81,credit_card,ADDR-00000036-03,web,CMP-2024-WINTER01,completed
ORD-2024-00000114,2024-06-29 11:34:54,CUS-00000046,PRD-FSH-00024,3,18132.75,4864.43,4953.38,54487.2,convenience,ADDR-00000046-01,web,CMP-2024-SUMMER01,completed
ORD-2024-00000103,2024-06-29 20:43:01,CUS-00000031,PRD-BKS-00046,3,3312.6,1159.97,877.78,9655.61,credit_card,ADDR-00000031-02,web,CMP-2024-WINTER01,completed
ORD-2024-00000121,2024-06-29 23:05:14,CUS-00000002,PRD-ELT-00001,5,154314.36,136151.32,63542.05,698962.53,credit_card,ADDR-00000002-04,app,CMP-2024-SUMMER01,completed
ORD-2024-00000414,2024-06-30 09:03:06,CUS-00000051,PRD-INT-00049,2,41093.07,10812.35,7137.38,78511.17,credit_card,ADDR-00000051-02,web,CMP-2024-SPRING01,completed
ORD-2024-00000009,2024-06-30 15:17:18,CUS-00000082,PRD-INT-00049,10,41093.07,0.0,41093.07,452023.77,convenience,ADDR-00000082-04,app,,completed
ORD-2024-00000392,2024-06-30 15:44:45,CUS-00000032,PRD-INT-00063,10,51958.49,58953.46,46063.14,506694.58,cod,ADDR-00000032-03,web,CMP-2024-SUMMER01,completed
ORD-2024-00000381,2024-07-01 06:57:50,CUS-00000091,PRD-ELT-00005,6,189027.38,0.0,113416.43,1247580.71,credit_card,ADDR-00000091-03,web,,completed
ORD-2024-00000085,2024-07-01 13:43:58,CUS-00000035,PRD-FSH-00105,6,2975.38,2690.23,1516.2,16678.25,credit_card,ADDR-00000035-01,app,CMP-2024-AUTUMN01,completed
ORD-2024-00000309,2024-07-02 19:13:56,CUS-00000077,PRD-FSH-00039,1,19027.17,3261.05,1576.61,17342.73,credit_card,ADDR-00000077-04,app,CMP-2024-SUMMER01,completed
ORD-2024-00000026,2024-07-03 03:21:39,CUS-00000015,PRD-BKS-00085,8,2944.88,3466.39,2009.27,22101.92,credit_card,ADDR-00000015-01,store,CMP-2024-AUTUMN01,completed
ORD-2024-00000462,2024-07-03 09:19:26,CUS-00000073,PRD-BKS-00052,4,2313.06,0.0,925.22,10177.46,credit_card,ADDR-00000073-04,web,,completed
ORD-2024-00000136,2024-07-05 07:32:07,CUS-00000029,PRD-ELT-00129,5,41011.75,39882.68,16517.61,181693.68,cod,ADDR-00000029-04,app,CMP-2024-SUMMER01,completed
ORD-2024-00000093,2024-07-05 22:45:55,CUS-00000034,PRD-ELT-00059,9,109441.69,0.0,98497.52,1083472.73,convenience,ADDR-00000034-01,app,,completed
ORD-2024-00000313,2024-07-09 17:18:02,CUS-00000008,PRD-FSH-00063,7,10889.94,0.0,7622.96,83852.54,cod,ADDR-00000008-05,web,,completed
ORD-2024-00000359,2024-07-10 00:32:18,CUS-00000078,PRD-BKS-00094,3,3730.3,1249.44,994.15,10935.61,credit_card,ADDR-00000078-02,store,CMP-2024-AUTUMN01,returned
ORD-2024-00000407,2024-07-10 14:12:30,CUS-00000020,PRD-BKS-00040,5,1726.72,1088.03,754.56,8300.13,credit_card,ADDR-00000020-04,app,CMP-2024-WINTER01,cancelled
ORD-2024-00000472,2024-07-10 15:25:39,CUS-00000068,PRD-INT-00102,2,81421.03,23596.11,13924.6,153170.55,convenience,ADDR-00000068-03,web,CMP-2024-SPRING01,completed
ORD-2024-00000412,2024-07-11 09:40:09,CUS-00000001,PRD-FSH-00011,1,13841.53,0.0,1384.15,15225.68,cod,ADDR-00000001-03,web,,completed
ORD-2024-00000384,2024-07-11 17:30:10,CUS-00000099,PRD-FSH-00094,3,16663.15,8739.21,4125.02,45375.26,credit_card,ADDR-00000099-01,web,CMP-2024-WINTER01,completed
ORD-2024-00000337,2024-07-11 23:03:20,CUS-00000076,PRD-ELT-00026,6,110235.85,115591.41,54582.37,600406.06,credit_card,ADDR-00000076-04,web,CMP-2024-AUTUMN01,completed
ORD-2024-00000439,2024-07-12 04:36:28,CUS-00000072,PRD-BKS-00140,6,3110.08,0.0,1866.05,20526.53,credit_card,ADDR-00000072-05,web,,completed
ORD-2024-00000170,2024-07-12 15:45:46,CUS-00000083,PRD-ELT-00001,9,154314.36,153754.32,123507.49,1358582.41,credit_card,ADDR-00000083-03,web,CMP-2024-AUTUMN01,completed
ORD-2024-00000368,2024-07-12 21:28:53,CUS-00000023,PRD-INT-00082,2,32755.04,12529.21,5298.09,58278.96,credit_card,ADDR-00000023-01,app,CMP-2024-SUMMER01,completed
ORD-2024-00000037,2024-07-12 22:11:47,CUS-00000068,PRD-FSH-00060,2,27405.49,3008.69,5180.23,56982.52,credit_card,ADDR-00000068-05,store,CMP-2024-SUMMER01,completed
ORD-2024-00000468,2024-07-13 01:02:55,CUS-00000085,PRD-ELT-00016,4,84725.55,40004.47,29889.77,328787.5,cod,ADDR-00000085-01,web,CMP-2024-WINTER01,completed
ORD-2024-00000489,2024-07-13 01:19:44,CUS-00000064,PRD-FSH-00112,9,15872.26,0.0,14285.03,157135.37,credit_card,ADDR-00000064-03,web,,completed
ORD-2024-00000317,2024-07-13 11:31:37,CUS-00000016,PRD-ELT-00010,6,168654.44,169570.02,84235.66,926592.28,cod,ADDR-00000016-02,web,CMP-2024-AUTUMN01,completed
ORD-2024-00000014,2024-07-14 21:22:28,CUS-00000019,PRD-BKS-00080,9,2329.19,1825.0,1913.77,21051.48,credit_card,ADDR-00000019-02,app,CMP-2024-AUTUMN01,completed
ORD-2024-00000297,2024-07-15 08:31:22,CUS-00000023,PRD-FSH-00096,2,7245.85,0.0,1449.17,15940.87,credit_card,ADDR-00000023-04,web,,completed
ORD-2024-00000286,2024-07-16 13:55:14,CUS-00000078,PRD-BKS-00124,7,4801.8,3759.05,2985.36,32838.91,credit_card,ADDR-00000078-02,store,CMP-2024-SUMMER01,completed
ORD-2024-00000401,2024-07-17 11:38:10,CUS-00000073,PRD-BKS-00118,7,1401.25,1166.62,864.21,9506.34,cod,ADDR-00000073-02,store,CMP-2024-SUMMER01,returned
ORD-2024-00000293,2024-07-19 06:18:56,CUS-00000072,PRD-FSH-00109,9,14344.69,7496.22,12160.6,133766.59,cod,ADDR-00000072-02,app,CMP-2024-WINTER01,completed
ORD-2024-00000348,2024-07-19 23:35:57,CUS-00000036,PRD-FSH-00118,10,29217.38,31155.94,26101.79,287119.65,credit_card,ADDR-00000036-04,app,CMP-2024-AUTUMN01,completed
ORD-2024-00000376,2024-07-21 02:29:20,CUS-00000038,PRD-ELT-00092,6,115808.0,0.0,69484.8,764332.8,credit_card,ADDR-00000038-02,store,,completed
ORD-2024-00000153,2024-07-21 17:26:23,CUS-00000029,PRD-ELT-00052,10,38153.09,26690.0,35484.09,390324.99,cod,ADDR-00000029-01,store,CMP-2024-WINTER01,completed
ORD-2024-00000463,2024-07-22 07:41:59,CUS-00000030,PRD-ELT-00040,6,18843.08,16982.87,9607.56,105683.17,credit_card,ADDR-00000030-01,app,CMP-2024-SUMMER01,completed
ORD-2024-00000379,2024-07-22 16:33:19,CUS-00000002,PRD-INT-00010,10,8371.95,11212.78,7250.67,79757.39,credit_card,ADDR-00000002-01,web,CMP-2024-AUTUMN01,completed
ORD-2024-00000475,2024-07-24 13:22:30,CUS-00000057,PRD-FSH-00036,5,25994.41,0.0,12997.21,142969.26,credit_card,ADDR-00000057-01,app,,cancelled
ORD-2024-00000466,2024-07-24 18:41:11,CUS-00000061,PRD-FSH-00004,8,8344.05,5607.34,6114.51,67259.57,credit_card,ADDR-00000061-03,store,CMP-2024-SUMMER01,completed
ORD-2024-00000386,2024-07-25 00:21:20,CUS-00000077,PRD-ELT-00069,1,38702.37,2785.11,3591.73,39508.99,credit_card,ADDR-00000077-04,web,CMP-2024-WINTER01,completed
ORD-2024-00000485,2024-07-25 22:25:43,CUS-00000025,PRD-FSH-00021,2,2856.12,995.72,471.65,5188.17,credit_card,ADDR-00000025-02,web,CMP-2024-SUMMER01,completed
ORD-2024-00000082,2024-07-26 06:18:58,CUS-00000089,PRD-BKS-00046,5,3312.6,3118.43,1344.46,14789.03,cod,ADDR-00000089-01,web,CMP-2024-SUMMER01,completed
ORD-2024-00000178,2024-07-26 19:15:32,CUS-00000030,PRD-FSH-00009,4,19745.31,13648.29,6533.3,71866.25,credit_card,ADDR-00000030-01,app,CMP-2024-SPRING01,completed
ORD-2024-00000257,2024-07-26 21:56:11,CUS-00000031,PRD-BKS-00141,4,3276.99,1564.6,1154.34,12697.7,credit_card,ADDR-00000031-03,web,CMP-2024-SUMMER01,completed
ORD-2024-00000030,2024-07-27 11:50:12,CUS-00000049,PRD-BKS-00016,8,2360.94,2876.95,1601.06,17611.63,credit_card,ADDR-00000049-04,app,CMP-2024-WINTER01,completed
ORD-2024-00000325,2024-07-28 00:46:29,CUS-00000024,PRD-BKS-00028,1,3490.0,574.63,291.54,3206.91,cod,ADDR-00000024-02,web,CMP-2024-WINTER01,completed
ORD-2024-00000410,2024-07-28 09:50:26,CUS-00000023,PRD-INT-00016,8,39911.92,32428.0,28686.74,315554.1,credit_card,ADDR-00000023-05,web,CMP-2024-SPRING01,completed
ORD-2024-00000488,2024-07-29 07:02:35,CUS-00000006,PRD-FSH-00129,4,8380.15,6543.58,2697.7,29674.72,cod,ADDR-00000006-01,web,CMP-2024-AUTUMN01,returned
ORD-2024-00000090,2024-07-30 11:38:48,CUS-00000075,PRD-ELT-00026,3,110235.85,52707.34,27800.02,305800.23,cod,ADDR-00000075-02,app,CMP-2024-SUMMER01,completed
ORD-2024-00000435,2024-07-31 14:38:23,CUS-00000013,PRD-BKS-00091,8,1547.35,0.0,1237.88,13616.68,credit_card,ADDR-00000013-01,app,,completed
ORD-2024-00000192,2024-07-31 23:29:21,CUS-00000017,PRD-ELT-00052,10,38153.09,0.0,38153.09,419683.99,credit_card,ADDR-00000017-03,web,,completed
ORD-2024-00000084,2024-08-01 07:44:44,CUS-00000057,PRD-FSH-00072,5,9695.56,6005.0,4247.28,46720.08,cod,ADDR-00000057-04,store,CMP-2024-SPRING01,completed
ORD-2024-00000142,2024-08-01 12:42:21,CUS-00000076,PRD-INT-00114,8,2114.06,2310.49,1460.2,16062.19,credit_card,ADDR-00000076-02,app,CMP-2024-AUTUMN01,completed
ORD-2024-00000253,2024-08-03 05:22:25,CUS-00000017,PRD-INT-00047,10,44135.87,68176.62,37318.21,410500.29,convenience,ADDR-00000017-04,web,CMP-2024-SUMMER01,completed
ORD-2024-00000223,2024-08-03 13:18:39,CUS-00000023,PRD-ELT-00107,10,144892.06,255045.92,119387.47,1313262.15,credit_card,ADDR-00000023-03,web,CMP-2024-AUTUMN01,cancelled
ORD-2024-00000269,2024-08-03 16:23:59,CUS-00000084,PRD-FSH-00090,8,5611.7,0.0,4489.36,49382.96,convenience,ADDR-00000084-04,store,,completed
ORD-2024-00000402,2024-08-04 01:37:17,CUS-00000070,PRD-FSH-00092,6,1492.72,504.18,845.21,9297.35,credit_card,ADDR-00000070-02,web,CMP-2024-AUTUMN01,cancelled
ORD-2024-00000365,2024-08-05 17:59:35,CUS-00000059,PRD-ELT-00038,10,123719.8,0.0,123719.8,1360917.8,credit_card,ADDR-00000059-04,app,,completed
ORD-2024-00000053,2024-08-06 13:15:57,CUS-00000044,PRD-FSH-00119,6,34164.33,20188.79,18479.72,203276.91,convenience,ADDR-00000044-03,web,CMP-2024-SPRING01,completed
ORD-2024-00000248,2024-08-08 08:41:25,CUS-00000035,PRD-BKS-00035,2,1764.3,0.0,352.86,3881.46,convenience,ADDR-00000035-03,web,,completed
ORD-2024-00000003,2024-08-09 19:42:01,CUS-00000050,PRD-FSH-00034,7,29167.56,13156.86,19101.61,210117.67,credit_card,ADDR-00000050-04,app,CMP-2024-AUTUMN01,completed
ORD-2024-00000237,2024-08-10 03:47:15,CUS-00000006,PRD-INT-00005,7,58377.58,48037.16,36060.59,396666.49,credit_card,ADDR-00000006-05,web,CMP-2024-WINTER01,cancelled
ORD-2024-00000469,2024-08-10 07:36:31,CUS-00000010,PRD-INT-00117,6,12584.8,7531.62,6797.72,74774.9,credit_card,ADDR-00000010-04,app,CMP-2024-WINTER01,completed
ORD-2024-00000141,2024-08-11 09:36:02,CUS-00000085,PRD-FSH-00077,4,19223.63,5391.03,7150.35,78653.84,credit_card,ADDR-00000085-04,web,CMP-2024-WINTER01,completed
ORD-2024-00000199,2024-08-11 21:01:08,CUS-00000090,PRD-FSH-00086,3,4403.18,1649.44,1156.01,12716.11,credit_card,ADDR-00000090-02,web,CMP-2024-AUTUMN01,completed
ORD-2024-00000152,2024-08-12 15:59:41,CUS-00000050,PRD-ELT-00076,4,106174.44,72750.32,35194.74,387142.18,convenience,ADDR-00000050-05,web,CMP-2024-SPRING01,completed
ORD-2024-00000482,2024-08-14 17:30:52,CUS-00000045,PRD-INT-00017,3,34242.33,12223.92,9050.31,99553.38,cod,ADDR-00000045-03,app,CMP-2024-AUTUMN01,completed
ORD-2024-00000388,2024-08-15 12:44:07,CUS-00000063,PRD-ELT-00058,2,133873.74,51209.01,21653.85,238192.32,credit_card,ADDR-00000063-01,web,CMP-2024-SPRING01,completed
ORD-2024-00000006,2024-08-15 14:16:27,CUS-00000012,PRD-FSH-00128,6,16017.77,15887.73,8021.89,88240.78,cod,ADDR-00000012-01,web,CMP-2024-AUTUMN01,completed
ORD-2024-00000052,2024-08-16 07:54:46,CUS-00000043,PRD-ELT-00136,5,76464.31,19392.28,36292.93,399222.2,credit_card,ADDR-00000043-05,web,CMP-2024-WINTER01,completed
ORD-2024-00000167,2024-08-16 08:18:31,CUS-00000025,PRD-FSH-00134,10,36921.95,60556.38,30866.31,339529.43,credit_card,ADDR-00000025-04,web,CMP-2024-SUMMER01,completed
ORD-2024-00000128,2024-08-16 10:08:58,CUS-00000044,PRD-INT-00073,4,74524.71,57609.81,24048.9,264537.93,credit_card,ADDR-00000044-05,app,CMP-2024-WINTER01,completed
ORD-2024-00000024,2024-08-16 14:13:15,CUS-00000088,PRD-ELT-00048,7,15110.92,0.0,10577.64,116354.08,credit_card,ADDR-00000088-04,app,,completed
ORD-2024-00000122,2024-08-16 17:44:28,CUS-00000100,PRD-INT-00064,6,59492.62,49259.58,30769.61,338465.75,credit_card,ADDR-00000100-02,web,CMP-2024-AUTUMN01,completed
ORD-2024-00000268,2024-08-17 23:49:41,CUS-00000044,PRD-BKS-00063,1,2338.59,284.32,205.43,2259.7,credit_card,ADDR-00000044-04,app,CMP-2024-WINTER01,completed
ORD-2024-00000433,2024-08-19 19:14:29,CUS-00000067,PRD-ELT-00112,9,167466.44,240541.71,126665.62,1393321.87,cod,ADDR-00000067-03,store,CMP-2024-SPRING01,cancelled
ORD-2024-00000032,2024-08-21 04:17:00,CUS-00000097,PRD-INT-00122,2,38279.29,9655.17,6690.34,73593.75,credit_card,ADDR-00000097-05,web,CMP-2024-SUMMER01,completed
ORD-2024-00000095,2024-08-21 06:00:48,CUS-00000025,PRD-BKS-00020,7,4637.48,0.0,3246.24,35708.6,credit_card,ADDR-00000025-05,app,,completed
ORD-2024-00000290,2024-08-22 11:22:48,CUS-00000100,PRD-ELT-00070,4,132598.67,82397.86,44799.68,492796.5,cod,ADDR-00000100-03,web,CMP-2024-WINTER01,completed
ORD-2024-00000360,2024-08-24 14:59:41,CUS-00000097,PRD-INT-00135,7,75019.28,27610.95,49752.4,547276.41,credit_card,ADDR-00000097-04,web,CMP-2024-SPRING01,completed
ORD-2024-00000454,2024-08-24 16:06:47,CUS-00000050,PRD-INT-00055,4,6032.25,4727.47,1940.15,21341.68,credit_card,ADDR-00000050-03,web,CMP-2024-SPRING01,completed
ORD-2024-00000396,2024-08-24 18:13:41,CUS-00000059,PRD-ELT-00141,9,88225.4,93878.22,70015.04,770165.42,credit_card,ADDR-00000059-04,web,CMP-2024-AUTUMN01,completed
ORD-2024-00000250,2024-08-25 14:27:52,CUS-00000037,PRD-BKS-00062,4,5452.23,0.0,2180.89,23989.81,cod,ADDR-00000037-02,web,,completed
ORD-2024-00000279,2024-08-26 10:10:31,CUS-00000016,PRD-FSH-00007,9,3347.06,0.0,3012.35,33135.89,cod,ADDR-00000016-03,web,,completed
ORD-2024-00000068,2024-08-29 00:40:11,CUS-00000022,PRD-ELT-00099,6,130659.54,81295.38,70266.19,772928.05,credit_card,ADDR-00000022-01,web,CMP-2024-SUMMER01,returned
ORD-2024-00000445,2024-08-29 02:40:48,CUS-00000051,PRD-INT-00070,1,4621.78,315.84,430.59,4736.53,cod,ADDR-00000051-01,web,CMP-2024-SPRING01,completed
ORD-2024-00000098,2024-08-29 03:58:06,CUS-00000066,PRD-BKS-00022,2,5253.78,0.0,1050.76,11558.32,credit_card,ADDR-00000066-05,web,,returned
ORD-2024-00000471,2024-08-29 21:47:49,CUS-00000023,PRD-BKS-00023,3,3806.66,884.36,1053.56,11589.18,convenience,ADDR-00000023-05,store,CMP-2024-AUTUMN01,completed
ORD-2024-00000214,2024-08-30 10:56:04,CUS-00000095,PRD-INT-00059,8,42289.98,65827.85,27249.2,299741.19,cod,ADDR-00000095-01,web,CMP-2024-AUTUMN01,completed
ORD-2024-00000260,2024-08-30 23:27:51,CUS-00000076,PRD-BKS-00091,4,1547.35,0.0,618.94,6808.34,credit_card,ADDR-00000076-02,web,,completed
ORD-2024-00000244,2024-08-31 03:39:05,CUS-00000071,PRD-FSH-00119,7,34164.33,40370.84,19877.95,218657.42,credit_card,ADDR-00000071-04,app,CMP-2024-SUMMER01,completed
ORD-2024-00000343,2024-08-31 18:29:47,CUS-00000012,PRD-ELT-00089,7,71460.3,26793.21,47342.89,520771.78,credit_card,ADDR-00000012-02,web,CMP-2024-WINTER01,completed
ORD-2024-00000091,2024-09-01 12:42:16,CUS-00000081,PRD-ELT-00041,8,249077.75,119139.34,187348.27,2060830.93,credit_card,ADDR-00000081-02,app,CMP-2024-SPRING01,completed
ORD-2024-00000198,2024-09-01 18:18:58,CUS-00000093,PRD-FSH-00124,7,2287.96,1108.06,1490.77,16398.43,credit_card,ADDR-00000093-01,app,CMP-2024-WINTER01,completed
ORD-2024-00000189,2024-09-01 23:17:17,CUS-00000047,PRD-FSH-00043,1,18947.4,1011.77,1793.56,19729.19,credit_card,ADDR-00000047-01,app,CMP-2024-AUTUMN01,returned
ORD-2024-00000241,2024-09-02 01:54:40,CUS-00000046,PRD-INT-00125,2,38033.37,7299.69,6876.71,75643.76,credit_card,ADDR-00000046-01,web,CMP-2024-SUMMER01,completed
ORD-2024-00000483,2024-09-02 02:13:34,CUS-00000083,PRD-INT-00132,3,23455.12,8141.32,6222.4,68446.44,credit_card,ADDR-00000083-03,app,CMP-2024-SUMMER01,completed
ORD-2024-00000236,2024-09-02 08:02:47,CUS-00000029,PRD-FSH-00052,7,21655.84,0.0,15159.09,166749.97,cod,ADDR-00000029-01,app,,completed
ORD-2024-00000100,2024-09-02 12:29:44,CUS-00000008,PRD-INT-00049,6,41093.07,38415.12,20814.33,228957.63,cod,ADDR-00000008-03,app,CMP-2024-SUMMER01,completed
ORD-2024-00000182,2024-09-04 01:35:29,CUS-00000091,PRD-FSH-00025,3,15576.38,7919.43,3880.97,42690.68,credit_card,ADDR-00000091-03,web,CMP-2024-AUTUMN01,completed
ORD-2024-00000447,2024-09-04 19:26:34,CUS-00000085,PRD-INT-00104,10,61608.24,118388.61,49769.38,547463.17,cod,ADDR-00000085-02,store,CMP-2024-WINTER01,completed
ORD-2024-00000345,2024-09-05 21:50:06,CUS-00000075,PRD-FSH-00064,9,25547.79,41146.1,18878.4,207662.41,credit_card,ADDR-00000075-04,web,CMP-2024-AUTUMN01,completed
ORD-2024-00000102,2024-09-06 07:15:52,CUS-00000017,PRD-BKS-00018,8,2668.47,2383.71,1896.4,20860.45,cod,ADDR-00000017-02,app,CMP-2024-SUMMER01,completed
ORD-2024-00000283,2024-09-07 02:41:46,CUS-00000072,PRD-BKS-00070,5,1094.03,0.0,547.01,6017.16,cod,ADDR-00000072-04,web,,completed
ORD-2024-00000417,2024-09-07 06:52:01,CUS-00000099,PRD-BKS-00094,8,3730.3,4976.0,2486.64,27353.04,credit_card,ADDR-00000099-03,web,CMP-2024-SPRING01,completed
ORD-2024-00000120,2024-09-07 19:24:12,CUS-00000014,PRD-BKS-00010,9,2890.73,3906.24,2211.03,24321.36,credit_card,ADDR-00000014-02,web,CMP-2024-WINTER01,completed
ORD-2024-00000451,2024-09-07 21:55:07,CUS-00000044,PRD-ELT-00023,8,147136.67,159179.45,101791.39,1119705.3,credit_card,ADDR-00000044-03,web,CMP-2024-AUTUMN01,completed
ORD-2024-00000347,2024-09-08 10:46:10,CUS-00000080,PRD-INT-00005,7,58377.58,29726.55,37891.65,416808.16,credit_card,ADDR-00000080-02,web,CMP-2024-AUTUMN01,completed
ORD-2024-00000073,2024-09-09 07:42:03,CUS-00000032,PRD-ELT-00143,10,96509.4,165617.22,79947.68,879424.46,credit_card,ADDR-00000032-01,app,CMP-2024-WINTER01,completed
ORD-2024-00000031,2024-09-09 18:37:38,CUS-00000074,PRD-ELT-00094,4,150136.31,98816.06,50172.92,551902.1,credit_card,ADDR-00000074-03,app,CMP-2024-SUMMER01,completed
ORD-2024-00000105,2024-09-09 20:34:02,CUS-00000074,PRD-ELT-00135,4,165098.4,0.0,66039.36,726432.96,credit_card,ADDR-00000074-05,web,,completed
ORD-2024-00000458,2024-09-10 02:35:07,CUS-00000044,PRD-INT-00055,4,6032.25,4702.62,1942.64,21369.02,credit_card,ADDR-00000044-02,web,CMP-2024-WINTER01,completed
ORD-2024-00000329,2024-09-10 06:08:22,CUS-00000006,PRD-INT-00051,2,46411.33,9737.06,8308.56,91394.16,credit_card,ADDR-00000006-04,web,CMP-2024-SUMMER01,completed
ORD-2024-00000055,2024-09-11 10:06:58,CUS-00000012,PRD-INT-00066,2,60469.49,9217.7,11172.13,122893.41,credit_card,ADDR-00000012-02,web,CMP-2024-SPRING01,completed
ORD-2024-00000211,2024-09-11 10:13:59,CUS-00000039,PRD-BKS-00056,10,3543.9,0.0,3543.9,38982.9,credit_card,ADDR-00000039-04,store,,cancelled
ORD-2024-00000146,2024-09-11 14:39:52,CUS-00000057,PRD-ELT-00023,7,147136.67,108581.06,92137.56,1013513.19,cod,ADDR-00000057-04,web,CMP-2024-SUMMER01,completed
ORD-2024-00000465,2024-09-11 20:54:39,CUS-00000077,PRD-ELT-00005,3,189027.38,32859.6,53422.25,587644.79,credit_card,ADDR-00000077-05,web,CMP-2024-SPRING01,completed
ORD-2024-00000351,2024-09-12 01:21:59,CUS-00000094,PRD-BKS-00141,5,3276.99,2561.06,1382.39,15206.28,credit_card,ADDR-00000094-05,web,CMP-2024-WINTER01,cancelled
ORD-2024-00000135,2024-09-13 17:53:41,CUS-00000072,PRD-INT-00034,10,34040.08,19066.42,32133.44,353467.82,credit_card,ADDR-00000072-04,web,CMP-2024-AUTUMN01,completed
ORD-2024-00000423,2024-09-14 06:56:50,CUS-00000040,PRD-INT-00101,5,31267.85,12487.72,14385.15,158236.68,credit_card,ADDR-00000040-03,app,CMP-2024-AUTUMN01,completed
ORD-2024-00000328,2024-09-14 17:32:09,CUS-00000050,PRD-FSH-00039,2,19027.17,6559.83,3149.45,34643.96,credit_card,ADDR-00000050-02,web,CMP-2024-SPRING01,completed
ORD-2024-00000063,2024-09-14 19:24:34,CUS-00000072,PRD-BKS-00110,1,4545.23,516.11,402.91,4432.03,credit_card,ADDR-00000072-05,web,CMP-2024-SPRING01,completed
ORD-2024-00000270,2024-09-15 02:39:29,CUS-00000094,PRD-BKS-00108,3,2295.8,0.0,688.74,7576.14,credit_card,ADDR-00000094-03,store,,completed
ORD-2024-00000010,2024-09-15 05:22:50,CUS-00000004,PRD-BKS-00092,3,966.2,0.0,289.86,3188.46,credit_card,ADDR-00000004-01,app,,completed
ORD-2024-00000162,2024-09-15 07:35:17,CUS-00000012,PRD-FSH-00008,6,12793.76,6739.2,7002.34,77025.7,convenience,ADDR-00000012-04,web,CMP-2024-WINTER01,cancelled
ORD-2024-00000206,2024-09-15 18:46:21,CUS-00000008,PRD-BKS-00058,7,2736.33,0.0,1915.43,21069.74,credit_card,ADDR-00000008-03,app,,completed
ORD-2024-00000089,2024-09-18 00:19:23,CUS-00000095,PRD-BKS-00085,3,2944.88,1338.08,749.66,8246.22,credit_card,ADDR-00000095-05,web,CMP-2024-WINTER01,completed
ORD-2024-00000173,2024-09-19 15:37:52,CUS-00000086,PRD-ELT-00112,7,167466.44,0.0,117226.51,1289491.59,credit_card,ADDR-00000086-05,app,,completed
ORD-2024-00000278,2024-09-19 23:22:38,CUS-00000013,PRD-FSH-00031,2,6391.55,0.0,1278.31,14061.41,cod,ADDR-00000013-01,web,,completed
ORD-2024-00000057,2024-09-20 06:30:32,CUS-00000020,PRD-ELT-00122,9,106331.48,124968.24,83201.51,915216.59,credit_card,ADDR-00000020-04,store,CMP-2024-AUTUMN01,completed
ORD-2024-00000307,2024-09-20 09:41:25,CUS-00000050,PRD-FSH-00086,8,4403.18,5882.46,2934.3,32277.28,credit_card,ADDR-00000050-01,web,CMP-2024-AUTUMN01,completed
ORD-2024-00000034,2024-09-20 14:58:30,CUS-00000062,PRD-ELT-00021,2,51704.59,12270.81,9113.84,100252.21,credit_card,ADDR-00000062-05,app,CMP-2024-AUTUMN01,completed
ORD-2024-00000228,2024-09-21 03:11:12,CUS-00000018,PRD-ELT-00127,5,35251.36,21328.88,15492.79,170420.71,credit_card,ADDR-00000018-05,store,CMP-2024-AUTUMN01,completed
ORD-2024-00000215,2024-09-21 23:51:09,CUS-00000039,PRD-INT-00096,4,70751.16,55332.33,22767.23,250439.54,cod,ADDR-00000039-03,app,CMP-2024-AUTUMN01,completed
ORD-2024-00000174,2024-09-22 01:34:05,CUS-00000048,PRD-ELT-00053,7,138735.95,170008.85,80114.28,881257.08,cod,ADDR-00000048-01,app,CMP-2024-SUMMER01,completed
ORD-2024-00000145,2024-09-22 22:58:20,CUS-00000047,PRD-ELT-00030,9,86315.43,141075.36,63576.35,699339.86,credit_card,ADDR-00000047-05,store,CMP-2024-SPRING01,completed
ORD-2024-00000327,2024-09-23 01:26:42,CUS-00000016,PRD-FSH-00125,5,27567.92,13110.26,12472.93,137202.27,credit_card,ADDR-00000016-01,web,CMP-2024-SUMMER01,completed
ORD-2024-00000231,2024-09-23 10:00:34,CUS-00000068,PRD-FSH-00046,1,13127.08,2285.55,1084.15,11925.68,credit_card,ADDR-00000068-03,web,CMP-2024-SPRING01,completed
ORD-2024-00000294,2024-09-24 07:48:02,CUS-00000090,PRD-ELT-00017,5,30387.13,26022.34,12591.33,138504.64,credit_card,ADDR-00000090-02,app,CMP-2024-SPRING01,completed
ORD-2024-00000221,2024-09-24 21:19:36,CUS-00000040,PRD-FSH-00119,4,34164.33,0.0,13665.73,150323.05,cod,ADDR-00000040-02,web,,completed
ORD-2024-00000184,2024-09-25 14:23:15,CUS-00000097,PRD-BKS-00136,8,2943.76,0.0,2355.01,25905.09,credit_card,ADDR-00000097-03,web,,completed
ORD-2024-00000474,2024-09-27 09:16:14,CUS-00000091,PRD-INT-00108,10,60064.22,63888.46,53675.37,590429.11,credit_card,ADDR-00000091-02,app,CMP-2024-AUTUMN01,completed
ORD-2024-00000265,2024-09-27 15:00:17,CUS-00000016,PRD-FSH-00139,6,7508.9,4266.95,4078.64,44865.09,credit_card,ADDR-00000016-01,app,CMP-2024-WINTER01,completed
ORD-2024-00000354,2024-09-28 09:27:45,CUS-00000089,PRD-ELT-00045,9,96994.14,171331.5,70161.58,771777.34,credit_card,ADDR-00000089-01,web,CMP-2024-AUTUMN01,completed
ORD-2024-00000437,2024-09-28 18:07:06,CUS-00000018,PRD-BKS-00126,5,4070.2,0.0,2035.1,22386.1,convenience,ADDR-00000018-02,web,,completed
ORD-2024-00000470,2024-09-29 08:15:51,CUS-00000024,PRD-BKS-00046,9,3312.6,2473.54,2733.99,30073.85,credit_card,ADDR-00000024-04,web,CMP-2024-WINTER01,completed
ORD-2024-00000216,2024-09-29 18:49:50,CUS-00000023,PRD-INT-00094,4,74782.98,52393.28,24673.86,271412.5,cod,ADDR-00000023-01,store,CMP-2024-AUTUMN01,completed
ORD-2024-00000453,2024-09-30 06:14:44,CUS-00000088,PRD-INT-00003,2,54364.54,6764.61,10196.45,112160.92,credit_card,ADDR-00000088-01,web,CMP-2024-SPRING01,completed
ORD-2024-00000144,2024-10-01 16:51:17,CUS-00000019,PRD-FSH-00138,7,27375.53,0.0,19162.87,210791.58,credit_card,ADDR-00000019-02,web,,cancelled
ORD-2024-00000076,2024-10-02 21:41:01,CUS-00000036,PRD-INT-00004,9,32543.18,55325.79,23756.28,261319.11,credit_card,ADDR-00000036-03,web,CMP-2024-SPRING01,cancelled
ORD-2024-00000434,2024-10-03 13:23:34,CUS-00000002,PRD-INT-00088,3,17431.76,6101.18,4619.41,50813.51,credit_card,ADDR-00000002-04,web,CMP-2024-AUTUMN01,completed
ORD-2024-00000074,2024-10-04 04:41:50,CUS-00000085,PRD-ELT-00134,3,170580.03,0.0,51174.01,562914.1,credit_card,ADDR-00000085-03,web,,completed
ORD-2024-00000366,2024-10-06 02:36:03,CUS-00000040,PRD-BKS-00054,1,3919.41,716.75,320.27,3522.93,credit_card,ADDR-00000040-03,web,CMP-2024-WINTER01,completed
ORD-2024-00000285,2024-10-06 21:27:50,CUS-00000087,PRD-ELT-00087,2,130176.54,28075.74,23227.73,255505.07,cod,ADDR-00000087-05,web,CMP-2024-SPRING01,completed
ORD-2024-00000117,2024-10-07 19:13:21,CUS-00000014,PRD-FSH-00138,3,27375.53,12484.24,6964.23,76606.58,cod,ADDR-00000014-03,app,CMP-2024-SPRING01,completed
ORD-2024-00000080,2024-10-08 19:46:56,CUS-00000031,PRD-ELT-00077,4,108609.44,60281.5,37415.63,411571.89,credit_card,ADDR-00000031-02,web,CMP-2024-AUTUMN01,completed
ORD-2024-00000456,2024-10-09 18:45:28,CUS-00000014,PRD-INT-00092,10,23542.41,25108.05,21031.61,231347.66,cod,ADDR-00000014-01,web,CMP-2024-SPRING01,completed
ORD-2024-00000424,2024-10-11 03:13:26,CUS-00000023,PRD-INT-00089,10,9770.02,0.0,9770.02,107470.22,credit_card,ADDR-00000023-02,store,,completed
ORD-2024-00000350,2024-10-13 17:08:55,CUS-00000058,PRD-BKS-00045,10,3653.39,6592.04,2994.19,32936.05,cod,ADDR-00000058-03,web,CMP-2024-AUTUMN01,completed
ORD-2024-00000336,2024-10-14 01:03:27,CUS-00000016,PRD-FSH-00019,10,4314.79,2865.36,4028.25,44310.79,credit_card,ADDR-00000016-04,web,CMP-2024-WINTER01,completed
ORD-2024-00000318,2024-10-14 10:16:01,CUS-00000063,PRD-INT-00101,8,31267.85,0.0,25014.28,275157.08,credit_card,ADDR-00000063-01,web,,completed
ORD-2024-00000168,2024-10-16 20:45:00,CUS-00000012,PRD-FSH-00094,5,16663.15,9728.84,7358.69,80945.6,credit_card,ADDR-00000012-01,web,CMP-2024-AUTUMN01,completed
ORD-2024-00000346,2024-10-17 00:54:19,CUS-00000039,PRD-BKS-00032,5,4468.98,3554.63,1879.03,20669.3,credit_card,ADDR-00000039-01,web,CMP-2024-SUMMER01,completed
ORD-2024-00000193,2024-10-17 23:41:19,CUS-00000042,PRD-FSH-00143,4,5734.9,1449.75,2148.99,23638.84,credit_card,ADDR-00000042-04,web,CMP-2024-AUTUMN01,completed
ORD-2024-00000071,2024-10-19 07:53:07,CUS-00000064,PRD-BKS-00118,6,1401.25,1130.67,727.68,8004.51,credit_card,ADDR-00000064-01,web,CMP-2024-WINTER01,completed
ORD-2024-00000467,2024-10-21 13:32:15,CUS-00000081,PRD-INT-00042,3,57709.38,30665.22,14246.29,156709.21,credit_card,ADDR-00000081-03,web,CMP-2024-SPRING01,completed
ORD-2024-00000232,2024-10-22 10:51:26,CUS-00000026,PRD-INT-00127,9,36258.63,32623.89,29370.38,323074.16,credit_card,ADDR-00000026-01,web,CMP-2024-AUTUMN01,completed
ORD-2024-00000390,2024-10-23 06:58:41,CUS-00000081,PRD-BKS-00081,7,2752.8,2958.05,1631.16,17942.71,convenience,ADDR-00000081-05,web,CMP-2024-AUTUMN01,completed
ORD-2024-00000335,2024-10-24 18:16:47,CUS-00000067,PRD-INT-00127,9,36258.63,47481.76,27884.59,306730.5,credit_card,ADDR-00000067-05,web,CMP-2024-AUTUMN01,completed
ORD-2024-00000404,2024-10-26 12:39:19,CUS-00000075,PRD-BKS-00097,2,2348.71,777.82,391.96,4311.56,credit_card,ADDR-00000075-02,app,CMP-2024-SUMMER01,completed
ORD-2024-00000011,2024-10-27 14:27:59,CUS-00000033,PRD-BKS-00042,9,6278.42,0.0,5650.58,62156.36,credit_card,ADDR-00000033-04,web,,completed
ORD-2024-00000209,2024-10-27 17:33:30,CUS-00000006,PRD-FSH-00087,9,41497.89,58456.25,31502.48,346527.24,credit_card,ADDR-00000006-03,web,CMP-2024-SUMMER01,completed
ORD-2024-00000200,2024-10-27 20:05:30,CUS-00000095,PRD-ELT-00052,9,38153.09,55888.61,28748.92,316238.12,credit_card,ADDR-00000095-04,app,CMP-2024-SUMMER01,completed
ORD-2024-00000385,2024-10-27 22:24:21,CUS-00000060,PRD-ELT-00075,7,180330.07,0.0,126231.05,1388541.54,credit_card,ADDR-00000060-01,web,,completed
ORD-2024-00000239,2024-10-29 23:16:16,CUS-00000031,PRD-INT-00134,4,56849.39,17861.0,20953.66,230490.22,credit_card,ADDR-00000031-04,store,CMP-2024-AUTUMN01,completed
ORD-2024-00000067,2024-10-30 01:30:48,CUS-00000058,PRD-INT-00107,4,60650.41,34031.57,20857.01,229427.08,credit_card,ADDR-00000058-05,app,CMP-2024-SUMMER01,completed
ORD-2024-00000375,2024-11-01 03:37:36,CUS-00000045,PRD-FSH-00021,7,2856.12,2791.32,1720.15,18921.67,credit_card,ADDR-00000045-01,web,CMP-2024-SUMMER01,completed
ORD-2024-00000255,2024-11-03 00:42:45,CUS-00000075,PRD-FSH-00024,2,18132.75,7130.58,2913.49,32048.41,credit_card,ADDR-00000075-02,store,CMP-2024-SPRING01,completed
ORD-2024-00000421,2024-11-03 02:06:09,CUS-00000012,PRD-ELT-00037,3,148727.26,0.0,44618.18,490799.96,cod,ADDR-00000012-03,web,,completed
ORD-2024-00000116,2024-11-03 13:02:23,CUS-00000073,PRD-INT-00134,6,56849.39,35953.26,30514.31,335657.39,credit_card,ADDR-00000073-05,app,CMP-2024-AUTUMN01,completed
ORD-2024-00000195,2024-11-03 17:30:14,CUS-00000060,PRD-FSH-00134,9,36921.95,37015.89,29528.17,324809.83,credit_card,ADDR-00000060-04,web,CMP-2024-WINTER01,completed
ORD-2024-00000056,2024-11-04 08:09:45,CUS-00000070,PRD-INT-00102,9,81421.03,0.0,73278.93,806068.2,credit_card,ADDR-00000070-04,web,,completed
ORD-2024-00000254,2024-11-04 13:53:54,CUS-00000015,PRD-FSH-00034,8,29167.56,38255.42,19508.51,214593.57,cod,ADDR-00000015-01,app,CMP-2024-SUMMER01,completed
ORD-2024-00000499,2024-11-06 10:23:16,CUS-00000064,PRD-BKS-00052,4,2313.06,0.0,925.22,10177.46,credit_card,ADDR-00000064-05,app,,completed
ORD-2024-00000069,2024-11-06 15:04:51,CUS-00000071,PRD-ELT-00070,5,132598.67,89300.9,57369.25,631061.7,credit_card,ADDR-00000071-01,web,CMP-2024-WINTER01,completed
ORD-2024-00000131,2024-11-07 12:21:53,CUS-00000022,PRD-INT-00023,1,73450.53,7256.47,6619.41,72813.47,convenience,ADDR-00000022-02,app,CMP-2024-AUTUMN01,completed
ORD-2024-00000452,2024-11-10 03:07:01,CUS-00000043,PRD-INT-00017,1,34242.33,3408.88,3083.35,33916.8,convenience,ADDR-00000043-04,web,CMP-2024-SPRING01,completed
ORD-2024-00000243,2024-11-11 03:42:13,CUS-00000009,PRD-ELT-00077,10,108609.44,0.0,108609.44,1194703.84,credit_card,ADDR-00000009-01,web,,completed
ORD-2024-00000202,2024-11-11 14:19:14,CUS-00000088,PRD-ELT-00046,8,152488.1,237604.74,98230.01,1080530.07,credit_card,ADDR-00000088-03,web,CMP-2024-AUTUMN01,completed
ORD-2024-00000399,2024-11-11 16:00:40,CUS-00000027,PRD-BKS-00143,10,7245.82,0.0,7245.82,79704.02,credit_card,ADDR-00000027-02,app,,completed
ORD-2024-00000484,2024-11-12 07:15:12,CUS-00000011,PRD-INT-00010,6,8371.95,4105.73,4612.6,50738.57,credit_card,ADDR-00000011-05,web,CMP-2024-SUMMER01,completed
ORD-2024-00000212,2024-11-12 11:15:14,CUS-00000054,PRD-ELT-00144,2,157030.94,0.0,31406.19,345468.07,convenience,ADDR-00000054-05,web,,completed
ORD-2024-00000111,2024-11-12 17:09:04,CUS-00000024,PRD-ELT-00127,6,35251.36,19087.29,19242.09,211662.96,convenience,ADDR-00000024-05,store,CMP-2024-SPRING01,cancelled
ORD-2024-00000357,2024-11-13 03:29:38,CUS-00000006,PRD-FSH-00122,6,27657.3,25941.2,14000.26,154002.86,cod,ADDR-00000006-05,web,CMP-2024-SUMMER01,returned
ORD-2024-00000477,2024-11-13 09:23:03,CUS-00000053,PRD-ELT-00098,2,183616.21,33146.13,33408.63,367494.92,credit_card,ADDR-00000053-02,app,CMP-2024-SUMMER01,completed
ORD-2024-00000079,2024-11-15 04:29:28,CUS-00000020,PRD-INT-00071,10,58147.26,0.0,58147.26,639619.86,credit_card,ADDR-00000020-04,web,,completed
ORD-2024-00000427,2024-11-16 08:34:17,CUS-00000069,PRD-ELT-00136,5,76464.31,0.0,38232.15,420553.7,credit_card,ADDR-00000069-05,store,,completed
ORD-2024-00000355,2024-11-17 04:19:35,CUS-00000084,PRD-FSH-00089,7,9482.95,5758.96,6062.17,66683.86,convenience,ADDR-00000084-04,web,CMP-2024-SPRING01,completed
ORD-2024-00000169,2024-11-18 15:51:57,CUS-00000038,PRD-BKS-00101,6,1781.91,1815.47,887.6,9763.59,cod,ADDR-00000038-03,web,CMP-2024-SUMMER01,completed
ORD-2024-00000332,2024-11-18 16:59:05,CUS-00000021,PRD-BKS-00006,2,4238.85,513.82,796.39,8760.27,convenience,ADDR-00000021-03,web,CMP-2024-SUMMER01,completed
ORD-2024-00000303,2024-11-19 14:26:59,CUS-00000020,PRD-FSH-00013,3,32758.0,10003.65,8827.04,97097.39,credit_card,ADDR-00000020-01,app,CMP-2024-SPRING01,completed
ORD-2024-00000033,2024-11-19 19:39:46,CUS-00000066,PRD-INT-00037,3,57590.22,17521.24,15524.94,170774.36,credit_card,ADDR-00000066-01,web,CMP-2024-AUTUMN01,completed
ORD-2024-00000281,2024-11-20 18:04:46,CUS-00000017,PRD-ELT-00084,3,44103.66,0.0,13231.1,145542.08,cod,ADDR-00000017-04,web,,completed
ORD-2024-00000362,2024-11-21 14:42:54,CUS-00000022,PRD-ELT-00135,8,165098.4,0.0,132078.72,1452865.92,credit_card,ADDR-00000022-04,app,,cancelled
ORD-2024-00000291,2024-11-22 18:36:46,CUS-00000057,PRD-INT-00010,7,8371.95,10525.53,4807.81,52885.93,credit_card,ADDR-00000057-01,web,CMP-2024-SPRING01,completed
ORD-2024-00000334,2024-11-23 09:50:46,CUS-00000084,PRD-BKS-00014,9,3601.18,5287.05,2712.36,29835.93,credit_card,ADDR-00000084-01,store,CMP-2024-AUTUMN01,completed
ORD-2024-00000201,2024-11-25 02:06:35,CUS-00000043,PRD-ELT-00016,8,84725.55,46521.29,63128.31,694411.42,credit_card,ADDR-00000043-05,web,CMP-2024-SPRING01,completed
ORD-2024-00000129,2024-11-27 10:44:13,CUS-00000079,PRD-ELT-00060,2,116589.24,27302.29,20587.62,226463.81,convenience,ADDR-00000079-05,web,CMP-2024-WINTER01,returned
ORD-2024-00000157,2024-11-27 22:34:27,CUS-00000026,PRD-INT-00039,7,20740.79,22487.47,12269.81,134967.87,credit_card,ADDR-00000026-03,web,CMP-2024-SUMMER01,completed
ORD-2024-00000196,2024-11-28 02:33:47,CUS-00000067,PRD-INT-00099,8,73139.65,40823.24,54429.4,598723.36,convenience,ADDR-00000067-03,app,CMP-2024-WINTER01,completed
ORD-2024-00000272,2024-11-28 12:33:34,CUS-00000021,PRD-BKS-00070,3,1094.03,220.22,306.19,3368.06,credit_card,ADDR-00000021-03,app,CMP-2024-SPRING01,completed
ORD-2024-00000133,2024-11-29 01:44:40,CUS-00000090,PRD-BKS-00143,7,7245.82,4381.17,4633.96,50973.53,credit_card,ADDR-00000090-01,web,CMP-2024-WINTER01,completed
ORD-2024-00000438,2024-11-30 05:05:45,CUS-00000093,PRD-INT-00078,1,32676.44,4534.32,2814.21,30956.33,credit_card,ADDR-00000093-05,app,CMP-2024-AUTUMN01,completed
ORD-2024-00000382,2024-11-30 21:17:35,CUS-00000059,PRD-BKS-00079,9,2671.39,0.0,2404.25,26446.76,credit_card,ADDR-00000059-02,app,,completed
ORD-2024-00000208,2024-12-01 04:46:08,CUS-00000090,PRD-ELT-00101,3,79229.54,22200.46,21548.82,237036.98,credit_card,ADDR-00000090-01,app,CMP-2024-SUMMER01,completed
ORD-2024-00000109,2024-12-01 10:35:01,CUS-00000093,PRD-INT-00119,6,67090.22,60459.35,34208.2,376290.17,credit_card,ADDR-00000093-02,web,CMP-2024-SPRING01,completed
ORD-2024-00000333,2024-12-01 15:15:31,CUS-00000005,PRD-INT-00140,3,10954.5,4187.58,2867.59,31543.51,credit_card,ADDR-00000005-01,web,CMP-2024-WINTER01,completed
ORD-2024-00000132,2024-12-01 15:48:16,CUS-00000060,PRD-ELT-00045,3,96994.14,0.0,29098.24,320080.66,credit_card,ADDR-00000060-04,app,,completed
ORD-2024-00000138,2024-12-01 22:45:02,CUS-00000033,PRD-ELT-00104,2,17803.48,5802.86,2980.41,32784.51,credit_card,ADDR-00000033-02,web,CMP-2024-AUTUMN01,completed
ORD-2024-00000126,2024-12-02 07:55:22,CUS-00000021,PRD-BKS-00008,2,4453.47,0.0,890.69,9797.63,cod,ADDR-00000021-04,web,,completed
ORD-2024-00000275,2024-12-03 05:49:05,CUS-00000010,PRD-BKS-00056,9,3543.9,2765.77,2912.93,32042.26,cod,ADDR-00000010-01,web,CMP-2024-SUMMER01,cancelled
ORD-2024-00000322,2024-12-03 12:05:04,CUS-00000058,PRD-INT-00093,6,10302.31,10241.15,5157.27,56729.98,cod,ADDR-00000058-01,web,CMP-2024-SPRING01,completed
ORD-2024-00000420,2024-12-04 03:43:34,CUS-00000007,PRD-FSH-00007,9,3347.06,2113.62,2800.99,30810.91,convenience,ADDR-00000007-04,web,CMP-2024-AUTUMN01,completed
ORD-2024-00000119,2024-12-04 13:35:08,CUS-00000092,PRD-INT-00030,7,71397.3,99913.9,39986.72,439853.92,credit_card,ADDR-00000092-01,store,CMP-2024-WINTER01,completed
ORD-2024-00000292,2024-12-04 19:49:14,CUS-00000058,PRD-BKS-00016,1,2360.94,385.03,197.59,2173.5,credit_card,ADDR-00000058-03,app,CMP-2024-SUMMER01,cancelled
ORD-2024-00000487,2024-12-07 16:14:56,CUS-00000081,PRD-FSH-00024,5,18132.75,5592.07,8507.17,93578.85,credit_card,ADDR-00000081-01,web,CMP-2024-AUTUMN01,completed
ORD-2024-00000371,2024-12-08 01:36:40,CUS-00000084,PRD-BKS-00112,10,3870.83,2649.03,3605.93,39665.2,credit_card,ADDR-00000084-01,web,CMP-2024-AUTUMN01,returned
ORD-2024-00000311,2024-12-08 07:05:21,CUS-00000006,PRD-FSH-00037,4,11783.09,2857.89,4427.45,48701.92,credit_card,ADDR-00000006-04,web,CMP-2024-AUTUMN01,completed
ORD-2024-00000234,2024-12-08 22:43:00,CUS-00000060,PRD-ELT-00002,2,73163.11,24996.71,12132.95,133462.46,credit_card,ADDR-00000060-01,app,CMP-2024-SPRING01,completed
ORD-2024-00000008,2024-12-09 04:52:30,CUS-00000015,PRD-BKS-00075,8,2045.63,0.0,1636.5,18001.54,cod,ADDR-00000015-01,app,,completed
ORD-2024-00000342,2024-12-09 07:03:54,CUS-00000043,PRD-BKS-00056,9,3543.9,4453.41,2744.17,30185.86,credit_card,ADDR-00000043-05,web,CMP-2024-SUMMER01,completed
ORD-2024-00000338,2024-12-11 08:26:00,CUS-00000073,PRD-BKS-00134,8,3253.24,2911.89,2311.4,25425.43,credit_card,ADDR-00000073-03,web,CMP-2024-WINTER01,completed
ORD-2024-00000310,2024-12-12 11:42:30,CUS-00000091,PRD-INT-00106,8,44901.29,54080.55,30512.98,335642.75,convenience,ADDR-00000091-01,app,CMP-2024-SPRING01,completed
ORD-2024-00000015,2024-12-13 02:58:08,CUS-00000099,PRD-FSH-00129,3,8380.15,4435.35,2070.51,22775.61,credit_card,ADDR-00000099-03,web,CMP-2024-SPRING01,completed
ORD-2024-00000372,2024-12-13 10:10:29,CUS-00000032,PRD-BKS-00135,1,3383.69,374.34,300.94,3310.29,credit_card,ADDR-00000032-02,web,CMP-2024-WINTER01,completed
ORD-2024-00000220,2024-12-14 03:55:35,CUS-00000086,PRD-FSH-00084,9,1566.88,1058.61,1304.33,14347.64,credit_card,ADDR-00000086-04,web,CMP-2024-SUMMER01,completed
ORD-2024-00000377,2024-12-15 04:10:00,CUS-00000064,PRD-INT-00039,8,20740.79,9083.51,15684.28,172527.09,credit_card,ADDR-00000064-01,web,CMP-2024-SPRING01,completed
ORD-2024-00000066,2024-12-16 02:00:42,CUS-00000033,PRD-INT-00007,10,62890.43,110563.4,51834.09,570174.99,credit_card,ADDR-00000033-05,store,CMP-2024-SUMMER01,completed
ORD-2024-00000016,2024-12-18 04:36:32,CUS-00000049,PRD-BKS-00119,1,3934.49,0.0,393.45,4327.94,credit_card,ADDR-00000049-01,web,,completed
ORD-2024-00000191,2024-12-20 13:49:18,CUS-00000050,PRD-FSH-00079,9,3489.24,3829.34,2757.38,30331.2,credit_card,ADDR-00000050-03,app,CMP-2024-WINTER01,completed
ORD-2024-00000018,2024-12-22 16:19:20,CUS-00000056,PRD-INT-00026,8,32689.67,42206.37,21931.1,241242.09,credit_card,ADDR-00000056-03,app,CMP-2024-SUMMER01,completed
ORD-2024-00000086,2024-12-23 11:02:02,CUS-00000019,PRD-FSH-00031,5,6391.55,2225.78,2973.2,32705.17,cod,ADDR-00000019-02,web,CMP-2024-AUTUMN01,completed
ORD-2024-00000288,2024-12-23 16:59:12,CUS-00000011,PRD-FSH-00041,8,5456.28,6446.69,3720.35,40923.9,credit_card,ADDR-00000011-03,app,CMP-2024-WINTER01,completed
ORD-2024-00000060,2024-12-24 09:19:25,CUS-00000039,PRD-INT-00044,7,66806.28,65657.93,40198.6,442184.63,cod,ADDR-00000039-04,web,CMP-2024-SUMMER01,completed
ORD-2024-00000287,2024-12-25 02:22:10,CUS-00000036,PRD-ELT-00024,10,84736.72,0.0,84736.72,932103.92,convenience,ADDR-00000036-05,web,,completed
ORD-2024-00000277,2024-12-25 14:39:48,CUS-00000090,PRD-ELT-00107,7,144892.06,125887.28,88835.71,977192.85,cod,ADDR-00000090-01,app,CMP-2024-SPRING01,completed
ORD-2024-00000042,2024-12-26 13:14:42,CUS-00000003,PRD-FSH-00138,7,27375.53,0.0,19162.87,210791.58,credit_card,ADDR-00000003-04,app,,completed
ORD-2024-00000190,2024-12-26 13:38:00,CUS-00000001,PRD-INT-00039,10,20740.79,0.0,20740.79,228148.69,credit_card,ADDR-00000001-02,app,,completed
ORD-2024-00000344,2024-12-26 20:58:11,CUS-00000084,PRD-INT-00040,5,7507.58,2027.06,3551.08,39061.92,credit_card,ADDR-00000084-02,app,CMP-2024-AUTUMN01,completed
ORD-2024-00000038,2024-12-28 08:19:24,CUS-00000098,PRD-BKS-00096,4,4887.14,0.0,1954.86,21503.42,credit_card,ADDR-00000098-03,app,,completed
ORD-2024-00000204,2024-12-28 08:51:02,CUS-00000005,PRD-FSH-00066,8,11823.34,6959.22,8762.75,96390.25,cod,ADDR-00000005-05,web,CMP-2024-SUMMER01,completed
ORD-2024-00000161,2024-12-28 18:40:04,CUS-00000019,PRD-INT-00127,3,36258.63,13871.75,9490.41,104394.55,credit_card,ADDR-00000019-05,web,CMP-2024-AUTUMN01,completed
ORD-2024-00000364,2024-12-29 23:30:43,CUS-00000081,PRD-FSH-00064,4,25547.79,14245.51,8794.57,96740.22,cod,ADDR-00000081-04,web,CMP-2024-SUMMER01,completed
ORD-2024-00000492,2024-12-31 13:01:25,CUS-00000054,PRD-BKS-00082,8,7297.31,11138.74,4723.97,51963.71,credit_card,ADDR-00000054-05,app,CMP-2024-WINTER01,completed
