payment_id,order_id,payment_datetime,card_brand,card_last4,payment_amount,authorization_code,payment_status,fraud_score,device_fingerprint,ip_address,billing_country
PAY-2024-80000001,ORD-2024-00000001,2024-01-09 23:43:08,mastercard,8306,136897.46,AUTH542520,approved,26.66,FP-99daf93cc12c,87.39.154.194,JP
PAY-2024-80000002,ORD-2024-00000002,2024-03-31 20:43:01,visa,7639,6906.27,AUTH846670,approved,14.03,FP-4bd6bebd8bde,224.186.245.205,JP
PAY-2024-80000003,ORD-2024-00000003,2024-08-09 19:42:45,visa,5018,210117.67,AUTH237755,approved,28.48,FP-8ecc512bc798,188.46.106.58,JP
PAY-2024-80000004,ORD-2024-00000004,2024-01-08 18:12:03,jcb,6586,67900.78,AUTH687588,approved,13.59,FP-514dd1900b41,193.225.76.245,KR
PAY-2024-80000007,ORD-2024-00000007,2024-01-21 20:57:46,jcb,2921,36867.22,AUTH654597,approved,17.57,FP-0f4e4b5c0f96,115.30.83.244,JP
PAY-2024-80000010,ORD-2024-00000010,2024-09-15 05:22:57,amex,9842,3188.46,AUTH865436,approved,7.48,FP-81382266a1ad,23.42.156.219,JP
PAY-2024-80000011,ORD-2024-00000011,2024-10-27 14:28:28,mastercard,6242,62156.36,AUTH784573,approved,6.84,FP-9e3c7ade8b8b,63.238.80.19,JP
PAY-2024-80000013,ORD-2024-00000013,2024-04-20 11:49:46,mastercard,6123,192032.98,AUTH227889,approved,26.09,FP-b87dd3adc137,148.13.106.213,JP
PAY-2024-80000014,ORD-2024-00000014,2024-07-14 21:22:53,jcb,4392,21051.48,AUTH345647,approved,21.94,FP-490a2bd5c6c3,241.174.133.170,JP
PAY-2024-80000015,ORD-2024-00000015,2024-12-13 02:58:38,amex,8371,22775.61,AUTH868818,approved,3.93,FP-ea7f0b8ff069,28.13.165.242,JP
PAY-2024-80000016,ORD-2024-00000016,2024-12-18 04:36:49,visa,1648,4327.94,AUTH650304,approved,8.04,FP-a8dc9db7fe02,69.105.105.246,JP
PAY-2024-80000017,ORD-2024-00000017,2024-06-26 22:47:21,jcb,1177,293875.3,AUTH828186,approved,10.8,FP-9e179209e8a2,119.240.253.188,JP
PAY-2024-80000018,ORD-2024-00000018,2024-12-22 16:19:29,visa,7141,241242.09,AUTH520300,approved,19.08,FP-f2c654594fcd,107.62.29.34,JP
PAY-2024-80000019,ORD-2024-00000019,2024-02-08 11:38:57,mastercard,9988,523618.78,AUTH456954,approved,20.95,FP-8027739d5b40,85.128.52.189,JP
PAY-2024-80000023,ORD-2024-00000023,2024-05-24 22:24:43,amex,9372,5627.67,AUTH916500,approved,8.18,FP-ae8d21e94dad,58.122.70.69,JP
PAY-2024-80000024,ORD-2024-00000024,2024-08-16 14:14:05,jcb,9523,116354.08,AUTH576502,approved,29.55,FP-528a6771b972,119.57.131.66,JP
PAY-2024-80000026,ORD-2024-00000026,2024-07-03 03:22:21,mastercard,1844,22101.92,AUTH130013,approved,2.38,FP-84ea3601459e,149.148.181.46,JP
PAY-2024-80000027,ORD-2024-00000027,2024-06-20 21:29:41,mastercard,5360,16622.01,AUTH122522,approved,21.77,FP-9971d508dfce,229.40.53.35,JP
PAY-2024-80000028,ORD-2024-00000028,2024-02-27 23:59:24,mastercard,1319,1565304.86,AUTH618774,approved,22.8,FP-ffe4e7a26953,129.135.75.133,JP
PAY-2024-80000029,ORD-2024-00000029,2024-01-20 15:17:39,amex,2119,40671.71,AUTH285964,approved,1.46,FP-2f0f7b0af26b,136.51.8.21,JP
PAY-2024-80000030,ORD-2024-00000030,2024-07-27 11:50:31,mastercard,3956,17611.63,AUTH434113,approved,22.39,FP-9119f141416c,225.140.42.14,JP
PAY-2024-80000031,ORD-2024-00000031,2024-09-09 18:38:10,jcb,4063,551902.1,AUTH756147,approved,1.76,FP-626f2d39e217,206.42.20.249,JP
PAY-2024-80000032,ORD-2024-00000032,2024-08-21 04:17:10,mastercard,7011,73593.75,AUTH444791,approved,28.12,FP-bf236e991510,171.69.84.63,JP
PAY-2024-80000033,ORD-2024-00000033,2024-11-19 19:40:00,visa,4527,170774.36,AUTH323337,approved,20.62,FP-cc42c03fdbc6,92.140.74.239,JP
PAY-2024-80000034,ORD-2024-00000034,2024-09-20 14:58:50,jcb,7912,100252.21,AUTH665274,approved,19.45,FP-c94fcb9d8eec,23.61.67.207,JP
PAY-2024-80000035,ORD-2024-00000035,2024-02-07 16:22:44,jcb,4141,907802.13,AUTH453695,approved,7.51,FP-400066ed5d31,219.89.115.140,JP
PAY-2024-80000036,ORD-2024-00000036,2024-02-10 07:30:04,visa,4939,61878.63,AUTH947888,approved,4.57,FP-a7895319b20f,189.48.177.223,JP
PAY-2024-80000037,ORD-2024-00000037,2024-07-12 22:12:47,jcb,9702,56982.52,AUTH519016,approved,7.91,FP-df042174d004,65.22.188.88,JP
PAY-2024-80000038,ORD-2024-00000038,2024-12-28 08:20:18,jcb,1452,21503.42,AUTH455123,approved,11.02,FP-ac64c7e3bfb7,20.66.37.241,JP
PAY-2024-80000039,ORD-2024-00000039,2024-03-01 02:49:57,visa,2419,1203983.3,AUTH543614,approved,0.6,FP-fa277ea11e75,87.138.108.89,JP
PAY-2024-80000040,ORD-2024-00000040,2024-03-17 13:38:45,visa,4974,68870.12,,refunded,30.0,FP-a58c2ec72d81,96.163.1.47,JP
PAY-2024-80000042,ORD-2024-00000042,2024-12-26 13:15:00,mastercard,5806,210791.58,AUTH731165,approved,22.28,FP-b7620ae20f5c,246.78.191.173,JP
PAY-2024-80000043,ORD-2024-00000043,2024-01-07 15:20:46,amex,9340,230913.93,,declined,69.99,FP-2d4ea4f6f03d,239.57.30.134,JP
PAY-2024-80000044,ORD-2024-00000044,2024-04-20 14:24:22,jcb,8168,41684.28,AUTH995638,approved,17.13,FP-a37674259fc7,121.63.155.88,JP
PAY-2024-80000046,ORD-2024-00000046,2024-06-01 03:31:35,visa,2042,1507872.19,AUTH498595,approved,21.36,FP-846f499cb6dd,76.47.20.26,JP
PAY-2024-80000047,ORD-2024-00000047,2024-03-02 01:42:18,amex,0042,24931.45,AUTH925686,approved,2.09,FP-7054482365e5,216.85.53.229,JP
PAY-2024-80000048,ORD-2024-00000048,2024-05-29 13:28:35,amex,4928,15896.21,AUTH157185,approved,15.99,FP-9f084716f3ec,113.21.151.158,JP
PAY-2024-80000049,ORD-2024-00000049,2024-04-21 05:53:19,mastercard,0744,68073.48,AUTH859990,approved,15.94,FP-5d68c31da55a,85.217.91.251,JP
PAY-2024-80000050,ORD-2024-00000050,2024-01-29 22:21:17,mastercard,9911,2082.16,AUTH115368,approved,5.07,FP-4f75c57e5b7e,203.128.168.241,JP
PAY-2024-80000052,ORD-2024-00000052,2024-08-16 07:55:41,amex,0738,399222.2,AUTH258334,approved,13.51,FP-c56ef52c6255,51.138.98.168,JP
PAY-2024-80000054,ORD-2024-00000054,2024-02-29 21:17:00,jcb,9834,134653.65,AUTH206284,approved,20.22,FP-fa89db4afd0e,215.187.43.9,JP
PAY-2024-80000055,ORD-2024-00000055,2024-09-11 10:07:45,mastercard,1748,122893.41,AUTH332618,approved,28.13,FP-b884a06ffdba,160.206.164.76,JP
PAY-2024-80000056,ORD-2024-00000056,2024-11-04 08:10:01,visa,3100,806068.2,AUTH628098,approved,19.91,FP-427b8885764b,136.2.121.93,JP
PAY-2024-80000057,ORD-2024-00000057,2024-09-20 06:30:40,amex,1139,915216.59,AUTH902536,approved,11.48,FP-982538fec353,242.136.72.139,JP
PAY-2024-80000061,ORD-2024-00000061,2024-03-25 02:34:16,mastercard,2461,86164.28,AUTH972659,approved,8.82,FP-8d18b5e88027,98.99.90.135,JP
PAY-2024-80000062,ORD-2024-00000062,2024-05-28 14:10:10,visa,0845,14433.76,AUTH708346,approved,21.07,FP-4d124c58a0fa,45.51.39.90,JP
PAY-2024-80000063,ORD-2024-00000063,2024-09-14 19:24:48,amex,8414,4432.03,AUTH280644,approved,2.29,FP-ba4fa35a5610,205.222.21.132,TW
PAY-2024-80000064,ORD-2024-00000064,2024-03-27 10:22:24,mastercard,9100,11538.57,AUTH858186,approved,0.34,FP-e873b62e7cdb,156.66.198.122,JP
PAY-2024-80000066,ORD-2024-00000066,2024-12-16 02:01:01,jcb,6357,570174.99,AUTH620298,approved,22.13,FP-fc449575f1ee,79.184.197.233,JP
PAY-2024-80000067,ORD-2024-00000067,2024-10-30 01:31:47,visa,3195,229427.08,AUTH661754,approved,16.27,FP-093c8976ab60,110.16.155.87,JP
PAY-2024-80000068,ORD-2024-00000068,2024-08-29 00:40:31,amex,4772,772928.05,,refunded,10.25,FP-5497c5421fac,183.134.88.239,JP
PAY-2024-80000069,ORD-2024-00000069,2024-11-06 15:05:34,mastercard,0043,631061.7,AUTH261117,approved,7.97,FP-2989daabbeda,195.75.119.71,JP
PAY-2024-80000070,ORD-2024-00000070,2024-03-11 23:19:50,visa,3774,143545.23,AUTH939335,approved,8.72,FP-0bb9535b3d96,222.152.92.16,JP
PAY-2024-80000071,ORD-2024-00000071,2024-10-19 07:53:44,visa,2991,8004.51,AUTH884878,approved,25.51,FP-4a25f4f7d8b2,19.236.230.47,JP
PAY-2024-80000073,ORD-2024-00000073,2024-09-09 07:42:41,jcb,2916,879424.46,AUTH897270,approved,9.0,FP-0286ee1ebaca,187.96.45.164,CN
PAY-2024-80000074,ORD-2024-00000074,2024-10-04 04:41:56,jcb,6280,562914.1,AUTH322205,approved,26.91,FP-8fab3ff6283f,87.199.16.74,JP
PAY-2024-80000075,ORD-2024-00000075,2024-04-06 02:15:29,mastercard,2522,17308.53,AUTH259150,approved,29.2,FP-0a9331593151,49.231.29.181,JP
PAY-2024-80000076,ORD-2024-00000076,2024-10-02 21:41:25,jcb,4623,261319.11,,declined,63.61,FP-f0b8508bfd60,253.102.6.10,JP
PAY-2024-80000078,ORD-2024-00000078,2024-02-02 20:19:04,mastercard,3611,921597.58,AUTH173068,approved,13.58,FP-5508b1147348,140.116.62.1,JP
PAY-2024-80000079,ORD-2024-00000079,2024-11-15 04:30:22,visa,5093,639619.86,AUTH928601,approved,22.33,FP-0b79911203e1,89.68.251.220,JP
PAY-2024-80000080,ORD-2024-00000080,2024-10-08 19:47:46,amex,0222,411571.89,AUTH563285,approved,8.45,FP-6fa787872bd9,61.3.166.52,JP
PAY-2024-80000081,ORD-2024-00000081,2024-03-03 12:18:39,jcb,8192,89848.98,AUTH125547,approved,8.91,FP-b4606316baca,217.33.103.158,JP
PAY-2024-80000083,ORD-2024-00000083,2024-01-24 19:08:33,jcb,0845,12731.51,AUTH958184,approved,26.97,FP-d46a6e2cf755,175.141.194.114,JP
PAY-2024-80000085,ORD-2024-00000085,2024-07-01 13:44:31,mastercard,1115,16678.25,AUTH642670,approved,22.36,FP-695b8a8c94a1,128.134.241.30,JP
PAY-2024-80000087,ORD-2024-00000087,2024-01-21 09:48:45,mastercard,0922,227436.73,AUTH809677,approved,23.99,FP-fb4da8bb9c91,28.182.35.202,JP
PAY-2024-80000088,ORD-2024-00000088,2024-06-21 22:57:22,jcb,4955,51950.27,AUTH674453,approved,14.23,FP-bf973cdf2930,154.40.222.80,JP
PAY-2024-80000089,ORD-2024-00000089,2024-09-18 00:20:03,visa,4392,8246.22,AUTH308324,approved,0.84,FP-2c4ceabcdace,125.144.77.59,JP
PAY-2024-80000091,ORD-2024-00000091,2024-09-01 12:42:59,jcb,3605,2060830.93,AUTH223963,approved,24.32,FP-c499f98a8816,206.181.108.170,JP
PAY-2024-80000095,ORD-2024-00000095,2024-08-21 06:01:11,mastercard,0089,35708.6,AUTH697579,approved,7.39,FP-f83df14c7982,96.243.52.84,JP
PAY-2024-80000096,ORD-2024-00000096,2024-02-03 17:27:49,visa,9494,11465.33,AUTH655771,approved,16.74,FP-48417450354e,211.1.36.196,JP
PAY-2024-80000097,ORD-2024-00000097,2024-05-30 01:13:20,jcb,7804,655486.72,AUTH911752,approved,6.15,FP-93a3c55eec12,130.151.40.230,JP
PAY-2024-80000098,ORD-2024-00000098,2024-08-29 03:58:18,amex,9489,11558.32,,refunded,37.23,FP-e750bbba6999,187.212.62.31,JP
PAY-2024-80000099,ORD-2024-00000099,2024-01-04 08:19:36,mastercard,5168,549283.84,AUTH786455,approved,29.23,FP-43039bb34ec4,238.100.10.108,JP
PAY-2024-80000101,ORD-2024-00000101,2024-05-12 20:45:04,mastercard,0594,1671934.37,,refunded,25.33,FP-7068485c8aae,181.58.168.40,JP
PAY-2024-80000103,ORD-2024-00000103,2024-06-29 20:43:42,jcb,2130,9655.61,AUTH891816,approved,1.51,FP-ef7b9fc9936d,111.91.134.221,JP
PAY-2024-80000104,ORD-2024-00000104,2024-04-17 22:32:41,jcb,7531,57942.25,AUTH752771,approved,19.11,FP-5bd4a6ce183b,191.122.179.54,JP
PAY-2024-80000105,ORD-2024-00000105,2024-09-09 20:34:44,jcb,4417,726432.96,AUTH341574,approved,16.97,FP-31e9ea7ba5ed,221.16.41.62,JP
PAY-2024-80000106,ORD-2024-00000106,2024-02-19 18:45:06,mastercard,2497,18993.92,AUTH450978,approved,8.62,FP-dc21ced980cf,60.165.6.8,JP
PAY-2024-80000107,ORD-2024-00000107,2024-04-20 21:43:43,visa,8700,3881.46,AUTH867862,approved,18.04,FP-92405a4a103a,136.157.70.240,JP
PAY-2024-80000108,ORD-2024-00000108,2024-02-22 02:56:32,jcb,0690,206729.72,AUTH707732,approved,16.38,FP-f04791535442,185.93.166.119,JP
PAY-2024-80000109,ORD-2024-00000109,2024-12-01 10:35:55,visa,8093,376290.17,AUTH330366,approved,6.44,FP-778f7587b4a9,175.218.241.180,JP
PAY-2024-80000110,ORD-2024-00000110,2024-06-20 06:11:00,amex,9795,147269.91,AUTH439821,approved,19.33,FP-0bb4e3611e73,5.188.121.33,JP
PAY-2024-80000113,ORD-2024-00000113,2024-05-07 23:51:39,jcb,3498,13684.35,AUTH524894,approved,8.41,FP-29b0684b470d,13.32.160.201,JP
PAY-2024-80000115,ORD-2024-00000115,2024-04-23 00:10:03,mastercard,2815,7789.19,AUTH166221,approved,2.82,FP-4aa8ebeb892b,253.204.12.244,JP
PAY-2024-80000116,ORD-2024-00000116,2024-11-03 13:02:56,mastercard,6832,335657.39,AUTH645808,approved,26.09,FP-7fc226271229,156.235.144.197,JP
PAY-2024-80000118,ORD-2024-00000118,2024-01-28 17:22:13,mastercard,5099,46402.79,AUTH291819,approved,1.78,FP-1f7385bf3ee8,233.244.106.190,JP
PAY-2024-80000119,ORD-2024-00000119,2024-12-04 13:35:34,jcb,6688,439853.92,AUTH433258,approved,1.15,FP-f31639156cbb,83.103.1.166,JP
PAY-2024-80000120,ORD-2024-00000120,2024-09-07 19:24:22,amex,3745,24321.36,AUTH792027,approved,23.65,FP-5ca938a6a9b1,169.179.149.97,CN
PAY-2024-80000121,ORD-2024-00000121,2024-06-29 23:05:38,amex,6474,698962.53,AUTH400821,approved,1.96,FP-753cbb39e4c9,13.178.79.182,JP
PAY-2024-80000122,ORD-2024-00000122,2024-08-16 17:44:37,mastercard,9191,338465.75,AUTH265371,approved,26.14,FP-fa6ec48fa1f9,102.139.10.226,JP
PAY-2024-80000123,ORD-2024-00000123,2024-01-11 12:04:47,jcb,5192,164002.58,AUTH381089,approved,23.32,FP-5c468efabdba,106.212.189.174,JP
PAY-2024-80000125,ORD-2024-00000125,2024-06-29 05:49:24,visa,6990,15845.94,AUTH714817,approved,27.81,FP-af15b2566dc4,62.132.101.165,JP
PAY-2024-80000128,ORD-2024-00000128,2024-08-16 10:09:11,mastercard,0406,264537.93,AUTH156001,approved,2.98,FP-e6c9a41a3c38,133.219.39.76,JP
PAY-2024-80000130,ORD-2024-00000130,2024-01-19 13:45:24,mastercard,3475,663814.55,AUTH158796,approved,23.52,FP-a82fe6f15759,248.100.238.113,JP
PAY-2024-80000132,ORD-2024-00000132,2024-12-01 15:48:50,jcb,9267,320080.66,AUTH373883,approved,25.89,FP-3fe63751c5a4,69.84.224.210,JP
PAY-2024-80000133,ORD-2024-00000133,2024-11-29 01:44:54,visa,3630,50973.53,AUTH286480,approved,11.97,FP-6adbda0c2a59,201.0.220.35,JP
PAY-2024-80000134,ORD-2024-00000134,2024-05-01 02:17:30,mastercard,9556,299352.66,AUTH967726,approved,23.95,FP-a6b3276e2d57,106.70.15.166,JP
PAY-2024-80000135,ORD-2024-00000135,2024-09-13 17:53:43,mastercard,1504,353467.82,AUTH564022,approved,5.0,FP-5612cfc11df0,78.149.0.179,JP
PAY-2024-80000138,ORD-2024-00000138,2024-12-01 22:45:41,visa,5619,32784.51,AUTH346458,approved,13.02,FP-262cc9f95424,127.83.2.217,JP
PAY-2024-80000139,ORD-2024-00000139,2024-01-24 02:16:09,amex,4220,18467.44,AUTH441439,approved,24.53,FP-57a2d136cf16,192.68.250.76,JP
PAY-2024-80000141,ORD-2024-00000141,2024-08-11 09:36:30,amex,3119,78653.84,AUTH253812,approved,22.54,FP-4cb28a92a582,188.72.110.203,JP
PAY-2024-80000142,ORD-2024-00000142,2024-08-01 12:43:01,amex,0049,16062.19,AUTH108651,approved,4.91,FP-6b2c31f12f54,191.249.169.116,JP
PAY-2024-80000143,ORD-2024-00000143,2024-01-07 17:48:04,jcb,3423,522240.18,AUTH698439,approved,2.53,FP-064e5a1b37b5,195.117.216.208,JP
PAY-2024-80000144,ORD-2024-00000144,2024-10-01 16:51:47,visa,5757,210791.58,,declined,78.79,FP-071f9c641948,254.97.104.146,JP
PAY-2024-80000145,ORD-2024-00000145,2024-09-22 22:59:03,amex,8994,699339.86,AUTH452465,approved,23.55,FP-821e3ed4852d,151.10.82.149,JP
PAY-2024-80000147,ORD-2024-00000147,2024-05-06 20:09:34,mastercard,4712,306352.1,AUTH544032,approved,13.05,FP-21168bad2bf3,123.199.51.93,JP
PAY-2024-80000149,ORD-2024-00000149,2024-05-18 15:22:03,mastercard,5560,16614.06,AUTH403906,approved,16.91,FP-c4eecc7c74bf,64.246.113.197,JP
PAY-2024-80000150,ORD-2024-00000150,2024-06-26 22:41:14,mastercard,3797,60148.19,AUTH890070,approved,24.35,FP-8e3625e53bb9,247.90.19.167,JP
PAY-2024-80000154,ORD-2024-00000154,2024-04-05 21:48:05,mastercard,9462,905920.82,AUTH431327,approved,27.03,FP-90d868fbe50b,48.63.157.82,JP
PAY-2024-80000155,ORD-2024-00000155,2024-03-11 20:11:02,visa,7803,14370.31,AUTH929998,approved,6.02,FP-cc0e86aa01d0,37.92.207.201,JP
PAY-2024-80000156,ORD-2024-00000156,2024-05-31 20:44:58,amex,4522,55869.53,AUTH426277,approved,6.31,FP-d426b035fc31,150.231.97.70,JP
PAY-2024-80000157,ORD-2024-00000157,2024-11-27 22:35:18,mastercard,3343,134967.87,AUTH266212,approved,12.03,FP-9846dac1671e,185.115.104.117,JP
PAY-2024-80000159,ORD-2024-00000159,2024-02-17 12:39:35,visa,2803,54072.36,AUTH156456,approved,16.38,FP-597a98f8e411,123.230.27.118,JP
PAY-2024-80000160,ORD-2024-00000160,2024-04-30 23:35:10,jcb,4535,23809.9,AUTH106441,approved,23.08,FP-78b6c71f1f43,214.241.113.42,JP
PAY-2024-80000161,ORD-2024-00000161,2024-12-28 18:40:45,amex,1196,104394.55,AUTH206923,approved,6.33,FP-6b5fe7c2a1d1,118.180.209.117,JP
PAY-2024-80000163,ORD-2024-00000163,2024-01-09 18:09:21,amex,2576,6611.53,AUTH954971,approved,26.43,FP-e37b3ab57459,200.95.249.157,JP
PAY-2024-80000164,ORD-2024-00000164,2024-03-18 21:38:48,visa,8071,30965.87,AUTH781172,approved,21.08,FP-a16e3998e1b6,44.157.45.188,JP
PAY-2024-80000165,ORD-2024-00000165,2024-01-12 13:32:54,amex,3116,21069.3,AUTH445440,approved,11.08,FP-62810635ed41,36.247.69.187,JP
PAY-2024-80000166,ORD-2024-00000166,2024-03-11 13:52:04,mastercard,7607,21226.23,AUTH212340,approved,17.84,FP-9b63e1ab3618,107.1.98.72,JP
PAY-2024-80000167,ORD-2024-00000167,2024-08-16 08:18:58,amex,8696,339529.43,AUTH591253,approved,2.73,FP-abc2c33bbb02,17.46.4.44,JP
PAY-2024-80000168,ORD-2024-00000168,2024-10-16 20:45:55,jcb,9852,80945.6,AUTH227947,approved,11.55,FP-aac7ad367295,103.159.149.36,JP
PAY-2024-80000170,ORD-2024-00000170,2024-07-12 15:46:21,mastercard,5653,1358582.41,AUTH172603,approved,25.08,FP-598c84e861b4,49.213.196.213,JP
PAY-2024-80000171,ORD-2024-00000171,2024-02-11 10:38:33,jcb,5494,27480.29,AUTH208226,approved,23.99,FP-a77153fd0c7f,229.252.219.167,JP
PAY-2024-80000173,ORD-2024-00000173,2024-09-19 15:38:31,visa,3636,1289491.59,AUTH429083,approved,22.85,FP-04fa81890e28,33.47.25.226,JP
PAY-2024-80000175,ORD-2024-00000175,2024-02-25 20:11:09,mastercard,2232,81791.06,AUTH680248,approved,23.64,FP-2c99c9887ffb,168.65.46.41,JP
PAY-2024-80000176,ORD-2024-00000176,2024-02-29 06:53:00,amex,5445,8433.11,AUTH825665,approved,4.25,FP-a2064a523f71,52.109.160.51,JP
PAY-2024-80000177,ORD-2024-00000177,2024-03-16 02:26:43,amex,5658,10334.32,AUTH194586,approved,19.01,FP-0f3c21403a75,253.107.252.175,TW
PAY-2024-80000178,ORD-2024-00000178,2024-07-26 19:15:48,visa,1490,71866.25,AUTH720834,approved,21.9,FP-47a3f754535d,133.246.183.72,JP
PAY-2024-80000179,ORD-2024-00000179,2024-06-17 13:59:59,jcb,6191,30423.03,AUTH622229,approved,24.59,FP-12f67c77a573,209.170.171.200,JP
PAY-2024-80000181,ORD-2024-00000181,2024-03-10 12:10:01,visa,8506,117253.62,,refunded,24.1,FP-ac8aec5555c4,122.137.183.156,JP
PAY-2024-80000182,ORD-2024-00000182,2024-09-04 01:35:44,amex,2672,42690.68,AUTH879061,approved,29.6,FP-fad87604f774,75.211.16.61,JP
PAY-2024-80000184,ORD-2024-00000184,2024-09-25 14:23:49,visa,5189,25905.09,AUTH507492,approved,11.65,FP-94d9bd9a9b2e,147.227.230.30,JP
PAY-2024-80000185,ORD-2024-00000185,2024-05-31 07:09:06,visa,3641,18198.86,AUTH370208,approved,19.74,FP-ce335c1f88a5,250.38.12.215,JP
PAY-2024-80000186,ORD-2024-00000186,2024-06-16 06:33:49,jcb,9720,135183.73,AUTH595383,approved,25.62,FP-7989798ac426,210.236.152.212,JP
PAY-2024-80000187,ORD-2024-00000187,2024-03-07 13:24:55,visa,7830,575657.87,AUTH574304,approved,8.37,FP-21ea9f637278,181.248.31.156,JP
PAY-2024-80000188,ORD-2024-00000188,2024-04-09 02:59:34,visa,4385,22965.47,AUTH570565,approved,15.91,FP-81af3d5d2a56,129.253.98.215,CN
PAY-2024-80000189,ORD-2024-00000189,2024-09-01 23:17:28,mastercard,9635,19729.19,,refunded,28.17,FP-b897a92a303c,135.90.220.99,JP
PAY-2024-80000190,ORD-2024-00000190,2024-12-26 13:38:11,amex,6264,228148.69,AUTH868379,approved,26.72,FP-66c77163b819,188.213.40.155,JP
PAY-2024-80000191,ORD-2024-00000191,2024-12-20 13:49:37,mastercard,1863,30331.2,AUTH191065,approved,17.92,FP-d36f736ca5d9,30.16.140.166,JP
PAY-2024-80000192,ORD-2024-00000192,2024-07-31 23:30:10,jcb,9676,419683.99,AUTH887275,approved,23.66,FP-fdd0dfb75b46,138.100.119.188,JP
PAY-2024-80000193,ORD-2024-00000193,2024-10-17 23:42:17,amex,2950,23638.84,AUTH700346,approved,10.87,FP-1ed08f3c17ed,116.243.73.199,KR
PAY-2024-80000194,ORD-2024-00000194,2024-01-06 13:10:46,visa,3653,91801.7,AUTH558551,approved,5.84,FP-d469491c0732,166.115.83.224,JP
PAY-2024-80000195,ORD-2024-00000195,2024-11-03 17:30:34,visa,7250,324809.83,AUTH389869,approved,1.93,FP-ce8f95851fa7,218.16.216.148,JP
PAY-2024-80000197,ORD-2024-00000197,2024-06-27 23:55:37,amex,5358,87572.52,AUTH444803,approved,6.12,FP-a46111290628,92.177.51.36,JP
PAY-2024-80000198,ORD-2024-00000198,2024-09-01 18:19:22,amex,9538,16398.43,AUTH745561,approved,7.85,FP-0eed2f4f9af1,75.137.122.160,JP
PAY-2024-80000199,ORD-2024-00000199,2024-08-11 21:01:33,mastercard,6181,12716.11,AUTH912265,approved,24.34,FP-65d6ea79bf1f,110.81.194.183,JP
PAY-2024-80000200,ORD-2024-00000200,2024-10-27 20:06:11,jcb,0717,316238.12,AUTH353612,approved,13.04,FP-8e44ff7a1dfd,36.234.55.231,JP
PAY-2024-80000201,ORD-2024-00000201,2024-11-25 02:07:13,jcb,3971,694411.42,AUTH197124,approved,27.57,FP-206eb6aca5df,97.84.245.53,JP
PAY-2024-80000202,ORD-2024-00000202,2024-11-11 14:20:12,visa,9561,1080530.07,AUTH192023,approved,2.09,FP-2fae122eb5c7,208.73.79.164,JP
PAY-2024-80000203,ORD-2024-00000203,2024-04-03 18:04:03,amex,9514,458953.33,AUTH132980,approved,3.13,FP-f1616635bf01,173.58.165.68,JP
PAY-2024-80000205,ORD-2024-00000205,2024-03-16 21:24:15,amex,2610,22039.91,AUTH997541,approved,25.81,FP-c769241f6800,96.116.225.73,JP
PAY-2024-80000206,ORD-2024-00000206,2024-09-15 18:47:14,amex,5449,21069.74,AUTH773213,approved,18.33,FP-f433d859c269,49.240.57.210,JP
PAY-2024-80000207,ORD-2024-00000207,2024-05-26 11:31:07,amex,8300,211472.91,AUTH540254,approved,10.03,FP-570c903a35a3,72.60.190.174,JP
PAY-2024-80000208,ORD-2024-00000208,2024-12-01 04:46:28,amex,8220,237036.98,AUTH465763,approved,14.86,FP-0c5a2a4cadd4,186.24.173.102,JP
PAY-2024-80000209,ORD-2024-00000209,2024-10-27 17:34:13,visa,1195,346527.24,AUTH822673,approved,28.44,FP-82e2bec7421d,56.89.203.27,JP
PAY-2024-80000211,ORD-2024-00000211,2024-09-11 10:14:15,visa,1059,38982.9,AUTH590505,approved,24.37,FP-c780bf053c77,189.88.149.54,JP
PAY-2024-80000213,ORD-2024-00000213,2024-06-11 16:29:38,visa,6336,124153.4,AUTH914558,approved,6.39,FP-9b3181a1a4ca,246.6.191.52,JP
PAY-2024-80000217,ORD-2024-00000217,2024-03-29 10:22:54,jcb,9230,109230.75,AUTH284268,approved,10.99,FP-a2da5668cf7b,147.220.68.128,JP
PAY-2024-80000219,ORD-2024-00000219,2024-06-12 09:04:52,jcb,6730,5454.13,AUTH517278,approved,12.36,FP-ce1debe189b0,228.180.138.134,JP
PAY-2024-80000220,ORD-2024-00000220,2024-12-14 03:56:18,amex,7833,14347.64,AUTH827234,approved,1.64,FP-4dc32996b495,9.252.110.225,JP
PAY-2024-80000223,ORD-2024-00000223,2024-08-03 13:19:02,mastercard,2680,1313262.15,,declined,64.48,FP-eb7ed31f22c7,85.2.58.187,JP
PAY-2024-80000224,ORD-2024-00000224,2024-01-02 21:03:40,jcb,1784,35704.39,AUTH922747,approved,5.58,FP-798ee882f9c0,103.188.110.153,JP
PAY-2024-80000226,ORD-2024-00000226,2024-03-14 12:04:05,visa,3933,33917.95,AUTH242777,approved,17.0,FP-6149e9de5388,43.150.98.118,JP
PAY-2024-80000227,ORD-2024-00000227,2024-05-27 09:16:57,visa,6392,10814.97,,declined,85.47,FP-40048a185f44,39.143.22.51,JP
PAY-2024-80000228,ORD-2024-00000228,2024-09-21 03:11:42,mastercard,3250,170420.71,AUTH923340,approved,26.13,FP-13949e132c19,32.35.168.134,JP
PAY-2024-80000229,ORD-2024-00000229,2024-05-16 09:24:35,visa,1885,92985.11,AUTH193147,approved,16.28,FP-a20a484f20af,26.59.18.216,JP
PAY-2024-80000230,ORD-2024-00000230,2024-06-01 00:21:57,visa,7494,33737.12,AUTH520472,approved,7.07,FP-6a5bd53a7360,144.18.228.134,JP
PAY-2024-80000231,ORD-2024-00000231,2024-09-23 10:01:19,amex,6579,11925.68,AUTH874344,approved,0.16,FP-7e90862ef896,158.67.250.63,JP
PAY-2024-80000232,ORD-2024-00000232,2024-10-22 10:52:13,visa,2539,323074.16,AUTH677437,approved,26.7,FP-47404467aee8,228.246.168.146,JP
PAY-2024-80000234,ORD-2024-00000234,2024-12-08 22:43:48,visa,2149,133462.46,AUTH158031,approved,28.65,FP-2080703c678a,98.171.5.23,JP
PAY-2024-80000235,ORD-2024-00000235,2024-02-19 08:05:13,amex,3156,211352.61,AUTH805627,approved,0.34,FP-f1a9678d726c,68.156.244.161,JP
PAY-2024-80000237,ORD-2024-00000237,2024-08-10 03:48:11,amex,5331,396666.49,AUTH789852,approved,28.66,FP-f4bdcbb2670f,165.7.57.33,JP
PAY-2024-80000239,ORD-2024-00000239,2024-10-29 23:17:06,jcb,8609,230490.22,AUTH379857,approved,5.51,FP-813edc19b4f1,218.44.68.249,JP
PAY-2024-80000240,ORD-2024-00000240,2024-02-21 09:19:01,amex,1258,660888.54,AUTH895311,approved,6.98,FP-9ad2c1d23823,12.230.182.37,JP
PAY-2024-80000241,ORD-2024-00000241,2024-09-02 01:55:34,jcb,0531,75643.76,AUTH461193,approved,23.04,FP-f6d7aab775fe,95.165.96.26,JP
PAY-2024-80000243,ORD-2024-00000243,2024-11-11 03:42:59,visa,4920,1194703.84,AUTH852815,approved,28.13,FP-1a065119c0b7,222.20.80.212,JP
PAY-2024-80000244,ORD-2024-00000244,2024-08-31 03:39:18,mastercard,9079,218657.42,AUTH456200,approved,6.38,FP-d7418c1afdac,94.221.164.78,JP
PAY-2024-80000245,ORD-2024-00000245,2024-01-17 19:19:22,mastercard,2888,30009.54,AUTH675228,approved,29.01,FP-98da2b5e827c,250.151.29.33,JP
PAY-2024-80000246,ORD-2024-00000246,2024-03-22 08:03:16,jcb,9508,16381.9,AUTH835488,approved,2.16,FP-3afb8d7d4b62,78.225.71.181,JP
PAY-2024-80000247,ORD-2024-00000247,2024-03-22 11:48:37,mastercard,5082,35282.88,AUTH480199,approved,9.69,FP-31f0d3201ab1,248.45.58.32,JP
PAY-2024-80000251,ORD-2024-00000251,2024-02-25 23:57:41,visa,3804,90621.32,AUTH644018,approved,24.74,FP-02db7f2fe52d,55.214.125.207,JP
PAY-2024-80000252,ORD-2024-00000252,2024-03-04 19:38:42,visa,1370,23028.46,AUTH639583,approved,19.4,FP-85def0591006,208.48.113.38,US
PAY-2024-80000255,ORD-2024-00000255,2024-11-03 00:42:46,mastercard,7996,32048.41,AUTH652273,approved,16.07,FP-ec7320294912,31.50.160.50,JP
PAY-2024-80000256,ORD-2024-00000256,2024-06-24 19:23:00,mastercard,7708,67821.4,AUTH236648,approved,29.94,FP-cbb1c2a5a65e,147.237.141.188,JP
PAY-2024-80000257,ORD-2024-00000257,2024-07-26 21:57:00,mastercard,0192,12697.7,AUTH823302,approved,11.29,FP-170262dfb1f2,62.125.5.206,JP
PAY-2024-80000258,ORD-2024-00000258,2024-06-11 10:41:06,jcb,5669,448979.66,AUTH598932,approved,18.88,FP-6b4e31bb34d2,6.153.75.225,JP
PAY-2024-80000260,ORD-2024-00000260,2024-08-30 23:28:20,visa,9199,6808.34,AUTH886739,approved,0.45,FP-5d2d55228e09,94.220.82.69,JP
PAY-2024-80000261,ORD-2024-00000261,2024-02-22 13:00:06,jcb,1106,3151.94,AUTH362803,approved,25.58,FP-d8849efddae1,5.255.196.128,JP
PAY-2024-80000262,ORD-2024-00000262,2024-02-21 02:38:51,amex,2880,215469.14,AUTH408972,approved,22.72,FP-a57c0adbfec9,243.250.223.91,JP
PAY-2024-80000263,ORD-2024-00000263,2024-01-04 14:19:37,amex,4834,288758.84,AUTH675777,approved,14.45,FP-8c6f4bd0356a,20.62.87.82,JP
PAY-2024-80000264,ORD-2024-00000264,2024-02-14 12:42:59,jcb,6639,684965.6,AUTH554690,approved,26.64,FP-05594e92fc6c,161.10.63.167,KR
PAY-2024-80000265,ORD-2024-00000265,2024-09-27 15:00:28,amex,6567,44865.09,AUTH488826,approved,24.25,FP-1a15165fde28,124.153.24.175,JP
PAY-2024-80000266,ORD-2024-00000266,2024-05-10 23:12:37,visa,6467,706310.51,AUTH836800,approved,20.87,FP-b9804f348fc1,220.64.193.220,JP
PAY-2024-80000267,ORD-2024-00000267,2024-03-04 21:03:58,visa,0512,54682.27,AUTH344616,approved,13.74,FP-a4af39ca9371,34.199.108.110,JP
PAY-2024-80000268,ORD-2024-00000268,2024-08-17 23:49:47,amex,6046,2259.7,AUTH388974,approved,10.54,FP-ffe37bd87e2a,177.235.217.50,JP
PAY-2024-80000270,ORD-2024-00000270,2024-09-15 02:39:49,visa,8319,7576.14,AUTH680695,approved,1.9,FP-08808096889c,219.188.129.94,JP
PAY-2024-80000271,ORD-2024-00000271,2024-01-15 07:01:40,jcb,4762,1189996.49,AUTH207651,approved,6.89,FP-9438e8444822,161.243.61.156,JP
PAY-2024-80000272,ORD-2024-00000272,2024-11-28 12:33:57,jcb,7109,3368.06,AUTH573680,approved,16.43,FP-9230d1e0238d,42.11.119.123,JP
PAY-2024-80000273,ORD-2024-00000273,2024-01-23 19:55:42,amex,3385,85320.93,AUTH408418,approved,15.23,FP-91e31591cb40,190.119.50.131,JP
PAY-2024-80000274,ORD-2024-00000274,2024-06-05 07:59:18,jcb,2504,4454.82,AUTH729160,approved,26.7,FP-b0541f2ed076,36.36.94.32,JP
PAY-2024-80000276,ORD-2024-00000276,2024-02-17 13:33:53,jcb,8941,102873.63,AUTH870322,approved,19.35,FP-52fdb72483f1,63.209.52.104,JP
PAY-2024-80000280,ORD-2024-00000280,2024-04-17 17:30:52,jcb,3076,48867.02,,refunded,19.16,FP-5fa429bdf968,143.246.130.44,JP
PAY-2024-80000282,ORD-2024-00000282,2024-01-23 10:54:16,mastercard,7645,24385.84,AUTH279286,approved,2.49,FP-c3976791c397,32.155.0.235,JP
PAY-2024-80000286,ORD-2024-00000286,2024-07-16 13:56:11,mastercard,3192,32838.91,AUTH338448,approved,8.86,FP-2c166af877a2,127.188.53.9,JP
PAY-2024-80000288,ORD-2024-00000288,2024-12-23 16:59:36,jcb,8177,40923.9,AUTH426126,approved,6.5,FP-b6a116b036ea,187.51.6.8,JP
PAY-2024-80000289,ORD-2024-00000289,2024-02-05 08:34:48,jcb,9489,493903.48,AUTH337454,approved,7.02,FP-4edf5f4e5732,205.35.209.148,JP
PAY-2024-80000291,ORD-2024-00000291,2024-11-22 18:37:02,mastercard,0335,52885.93,AUTH533989,approved,22.47,FP-f8792eb234f7,77.7.64.3,JP
PAY-2024-80000292,ORD-2024-00000292,2024-12-04 19:49:46,mastercard,3966,2173.5,,declined,80.23,FP-f287908972a0,98.146.8.206,JP
PAY-2024-80000294,ORD-2024-00000294,2024-09-24 07:48:20,mastercard,2579,138504.64,AUTH315695,approved,7.22,FP-dc4fa95e575a,91.75.93.216,JP
PAY-2024-80000295,ORD-2024-00000295,2024-05-04 18:52:56,amex,8576,213322.32,AUTH106831,approved,26.19,FP-05528d4f4b65,55.221.153.70,JP
PAY-2024-80000297,ORD-2024-00000297,2024-07-15 08:32:22,mastercard,7316,15940.87,AUTH938112,approved,13.01,FP-67e98b646954,248.20.114.53,JP
PAY-2024-80000298,ORD-2024-00000298,2024-06-26 15:48:52,amex,7958,30395.88,AUTH708703,approved,14.28,FP-94f1f214dfa6,85.36.185.104,JP
PAY-2024-80000300,ORD-2024-00000300,2024-03-14 00:56:46,jcb,8054,13109.18,AUTH832093,approved,12.59,FP-a5c04e442fc9,214.67.95.123,JP
PAY-2024-80000301,ORD-2024-00000301,2024-06-18 18:17:22,amex,1404,690984.27,AUTH649434,approved,9.32,FP-f56bb04a8fc4,229.78.134.115,JP
PAY-2024-80000302,ORD-2024-00000302,2024-02-29 16:33:46,visa,9493,50665.96,AUTH328823,approved,11.18,FP-27b85881d892,245.44.93.180,JP
PAY-2024-80000303,ORD-2024-00000303,2024-11-19 14:27:12,amex,6057,97097.39,AUTH700069,approved,2.25,FP-5858671ec120,126.35.109.75,JP
PAY-2024-80000307,ORD-2024-00000307,2024-09-20 09:41:30,mastercard,8431,32277.28,AUTH594747,approved,12.11,FP-9f98d2e5b570,215.93.54.218,JP
PAY-2024-80000308,ORD-2024-00000308,2024-01-21 18:05:20,visa,7649,709670.08,AUTH996601,approved,27.53,FP-a213e8bacf7b,15.108.82.120,JP
PAY-2024-80000309,ORD-2024-00000309,2024-07-02 19:14:46,jcb,3634,17342.73,AUTH886585,approved,6.8,FP-a9f7b63a55a4,181.81.251.215,JP
PAY-2024-80000311,ORD-2024-00000311,2024-12-08 07:05:42,amex,7570,48701.92,AUTH467104,approved,13.19,FP-79d81597ab2e,214.81.105.165,JP
PAY-2024-80000312,ORD-2024-00000312,2024-05-31 18:32:38,amex,7956,466705.1,AUTH576255,approved,24.63,FP-0c5b6f3b88d8,148.243.238.188,JP
PAY-2024-80000314,ORD-2024-00000314,2024-04-24 20:51:29,visa,5607,34419.65,AUTH884454,approved,3.85,FP-033a47eef7c0,78.130.16.100,JP
PAY-2024-80000318,ORD-2024-00000318,2024-10-14 10:16:19,jcb,7176,275157.08,AUTH635066,approved,25.99,FP-4bbaa817ef5b,143.187.95.46,JP
PAY-2024-80000319,ORD-2024-00000319,2024-02-24 10:03:51,visa,3249,5110.93,AUTH230883,approved,27.17,FP-e96ef7db5779,72.98.61.177,JP
PAY-2024-80000320,ORD-2024-00000320,2024-06-28 21:09:43,amex,4864,78219.49,AUTH524520,approved,12.36,FP-696df20017a2,128.166.227.103,JP
PAY-2024-80000321,ORD-2024-00000321,2024-06-03 16:47:27,visa,4431,25700.31,AUTH682664,approved,28.89,FP-2fef6390718c,233.244.68.178,JP
PAY-2024-80000324,ORD-2024-00000324,2024-04-16 02:30:12,visa,8754,15771.77,AUTH566074,approved,8.85,FP-08c4cbd1d4bc,87.226.171.243,JP
PAY-2024-80000327,ORD-2024-00000327,2024-09-23 01:27:23,jcb,3419,137202.27,AUTH768211,approved,17.06,FP-794404666925,3.119.240.47,JP
PAY-2024-80000328,ORD-2024-00000328,2024-09-14 17:32:58,amex,9805,34643.96,AUTH360975,approved,17.41,FP-99a107b448c1,178.32.59.72,JP
PAY-2024-80000329,ORD-2024-00000329,2024-09-10 06:08:32,jcb,0800,91394.16,AUTH647075,approved,5.92,FP-ee8a88a685f3,211.145.133.28,JP
PAY-2024-80000330,ORD-2024-00000330,2024-06-22 04:58:51,visa,6095,9683.01,AUTH324178,approved,1.7,FP-8bcd11d08e24,78.80.163.231,JP
PAY-2024-80000331,ORD-2024-00000331,2024-01-09 19:13:29,jcb,8108,12854.78,AUTH469926,approved,3.1,FP-5e7e11891768,153.114.236.96,JP
PAY-2024-80000333,ORD-2024-00000333,2024-12-01 15:16:12,visa,5294,31543.51,AUTH302287,approved,29.25,FP-35e90da97e9c,64.31.214.219,JP
PAY-2024-80000334,ORD-2024-00000334,2024-11-23 09:51:38,amex,0634,29835.93,AUTH210070,approved,4.79,FP-381930be4135,207.146.69.183,JP
PAY-2024-80000335,ORD-2024-00000335,2024-10-24 18:17:19,mastercard,6180,306730.5,AUTH191268,approved,18.77,FP-20c56788aea0,161.255.168.236,JP
PAY-2024-80000336,ORD-2024-00000336,2024-10-14 01:03:44,mastercard,1237,44310.79,AUTH290660,approved,2.03,FP-90469e4d0033,67.54.177.207,CN
PAY-2024-80000337,ORD-2024-00000337,2024-07-11 23:03:26,mastercard,3714,600406.06,AUTH864283,approved,1.63,FP-e43d3b124fdb,164.160.255.216,JP
PAY-2024-80000338,ORD-2024-00000338,2024-12-11 08:26:03,jcb,3701,25425.43,AUTH996595,approved,20.53,FP-c91a6d0f8590,176.53.89.121,JP
PAY-2024-80000339,ORD-2024-00000339,2024-03-03 09:20:35,visa,9216,286531.26,AUTH444942,approved,26.8,FP-3bc27fa609bc,1.133.10.126,JP
PAY-2024-80000340,ORD-2024-00000340,2024-01-02 21:31:35,jcb,5568,16689.75,AUTH695506,approved,13.29,FP-e0edff037af5,55.0.163.176,JP
PAY-2024-80000342,ORD-2024-00000342,2024-12-09 07:04:16,visa,1520,30185.86,AUTH838937,approved,21.69,FP-7ad739e6c7be,135.17.141.214,JP
PAY-2024-80000343,ORD-2024-00000343,2024-08-31 18:30:19,jcb,1064,520771.78,AUTH814520,approved,26.74,FP-a5091956a8d0,117.0.140.43,JP
PAY-2024-80000344,ORD-2024-00000344,2024-12-26 20:58:31,jcb,2690,39061.92,AUTH817833,approved,26.91,FP-f2dadb5a39da,189.31.33.60,JP
PAY-2024-80000345,ORD-2024-00000345,2024-09-05 21:50:57,visa,6539,207662.41,AUTH738508,approved,3.11,FP-7a5c6a7cf591,251.184.25.80,JP
PAY-2024-80000346,ORD-2024-00000346,2024-10-17 00:54:30,mastercard,2415,20669.3,AUTH531816,approved,26.81,FP-e49352a970f4,68.17.140.49,JP
PAY-2024-80000347,ORD-2024-00000347,2024-09-08 10:46:49,amex,7481,416808.16,AUTH998118,approved,2.6,FP-fddfc6f405ff,184.97.52.25,JP
PAY-2024-80000348,ORD-2024-00000348,2024-07-19 23:36:09,amex,5899,287119.65,AUTH818834,approved,12.66,FP-5eb56ff655de,25.176.4.152,JP
PAY-2024-80000351,ORD-2024-00000351,2024-09-12 01:22:44,visa,3933,15206.28,AUTH447090,approved,17.29,FP-de9eba43b177,172.153.246.104,JP
PAY-2024-80000352,ORD-2024-00000352,2024-06-08 05:19:11,amex,8156,174982.28,AUTH404432,approved,17.85,FP-e4d302c3b338,32.232.45.238,JP
PAY-2024-80000353,ORD-2024-00000353,2024-04-21 15:55:29,jcb,3853,559659.16,,declined,88.81,FP-c32b7965de00,160.127.39.192,JP
PAY-2024-80000354,ORD-2024-00000354,2024-09-28 09:28:14,amex,8120,771777.34,AUTH969876,approved,27.11,FP-66345255a71f,156.226.21.114,JP
PAY-2024-80000356,ORD-2024-00000356,2024-01-11 23:05:59,amex,5768,184886.09,AUTH292494,approved,0.33,FP-bb7eb75e68d2,127.23.227.210,JP
PAY-2024-80000358,ORD-2024-00000358,2024-01-17 21:03:15,mastercard,8857,19463.11,AUTH813425,approved,25.25,FP-a0e74cb2c212,18.205.241.15,JP
PAY-2024-80000359,ORD-2024-00000359,2024-07-10 00:32:59,amex,4251,10935.61,,refunded,35.82,FP-e92ff8355223,113.3.5.212,JP
PAY-2024-80000360,ORD-2024-00000360,2024-08-24 15:00:04,visa,3517,547276.41,AUTH149577,approved,26.56,FP-bd4a4e78fa0c,156.66.77.92,JP
PAY-2024-80000361,ORD-2024-00000361,2024-02-09 08:44:01,mastercard,7801,67655.54,AUTH960358,approved,18.61,FP-57307890a60c,182.157.131.1,JP
PAY-2024-80000362,ORD-2024-00000362,2024-11-21 14:43:17,jcb,4046,1452865.92,AUTH637384,approved,7.27,FP-498ab27cb613,20.89.45.28,JP
PAY-2024-80000363,ORD-2024-00000363,2024-04-20 20:45:41,visa,7993,9886.89,AUTH568819,approved,26.19,FP-d97822a9a76e,173.247.8.119,JP
PAY-2024-80000365,ORD-2024-00000365,2024-08-05 18:00:20,jcb,4888,1360917.8,AUTH717180,approved,23.06,FP-24b1fe23cdbb,171.140.102.152,KR
PAY-2024-80000366,ORD-2024-00000366,2024-10-06 02:36:14,visa,8520,3522.93,AUTH118466,approved,4.99,FP-724b246f18df,60.32.81.86,JP
PAY-2024-80000367,ORD-2024-00000367,2024-04-18 02:08:20,mastercard,1910,47342.21,AUTH100870,approved,27.18,FP-d0d94a27949b,171.64.226.140,JP
PAY-2024-80000368,ORD-2024-00000368,2024-07-12 21:28:57,amex,5237,58278.96,AUTH555700,approved,20.91,FP-f444c33788a7,35.7.81.68,JP
PAY-2024-80000369,ORD-2024-00000369,2024-02-16 23:44:23,mastercard,1447,11248.28,,declined,78.99,FP-5c7b6f7c939c,222.74.246.85,JP
PAY-2024-80000371,ORD-2024-00000371,2024-12-08 01:37:39,mastercard,2711,39665.2,,refunded,10.37,FP-08fc937b952c,18.166.58.190,JP
PAY-2024-80000372,ORD-2024-00000372,2024-12-13 10:10:43,amex,6896,3310.29,AUTH845178,approved,15.63,FP-75a25ea9c8fc,55.54.234.172,JP
PAY-2024-80000374,ORD-2024-00000374,2024-06-06 22:29:41,visa,6728,245767.13,AUTH874330,approved,13.62,FP-41cce3a2787b,198.35.54.93,JP
PAY-2024-80000375,ORD-2024-00000375,2024-11-01 03:37:50,mastercard,2717,18921.67,AUTH519630,approved,9.08,FP-bb902398c492,49.206.88.99,JP
PAY-2024-80000376,ORD-2024-00000376,2024-07-21 02:30:17,amex,3134,764332.8,AUTH906554,approved,26.54,FP-fa520833d988,117.72.18.125,JP
PAY-2024-80000377,ORD-2024-00000377,2024-12-15 04:10:52,jcb,0679,172527.09,AUTH700893,approved,11.36,FP-12bb610e0902,18.121.239.32,JP
PAY-2024-80000379,ORD-2024-00000379,2024-07-22 16:33:24,mastercard,9886,79757.39,AUTH180841,approved,3.56,FP-493de32ee384,161.174.41.253,JP
PAY-2024-80000380,ORD-2024-00000380,2024-05-21 05:10:03,mastercard,9437,14584.41,AUTH466736,approved,4.83,FP-8687388220a1,202.229.33.102,TW
PAY-2024-80000381,ORD-2024-00000381,2024-07-01 06:58:32,amex,6869,1247580.71,AUTH538790,approved,28.23,FP-4efaf7f9067e,146.122.246.109,JP
PAY-2024-80000382,ORD-2024-00000382,2024-11-30 21:17:59,visa,3845,26446.76,AUTH205011,approved,17.03,FP-503b6e5d49bb,1.155.18.102,JP
PAY-2024-80000383,ORD-2024-00000383,2024-01-29 07:48:26,mastercard,2215,628716.0,AUTH741121,approved,13.46,FP-c4dddc2fd8fb,246.224.248.153,JP
PAY-2024-80000384,ORD-2024-00000384,2024-07-11 17:30:50,visa,0439,45375.26,AUTH112094,approved,14.72,FP-5a89ced2dafe,96.78.38.176,JP
PAY-2024-80000385,ORD-2024-00000385,2024-10-27 22:24:54,mastercard,2744,1388541.54,AUTH113612,approved,5.39,FP-b7ba5cf783e1,194.49.176.33,JP
PAY-2024-80000386,ORD-2024-00000386,2024-07-25 00:22:07,jcb,9717,39508.99,AUTH980428,approved,21.58,FP-54f3073a0860,95.117.60.31,JP
PAY-2024-80000387,ORD-2024-00000387,2024-06-08 19:51:22,amex,0518,7717.63,AUTH806167,approved,26.04,FP-ce3cbca6fcab,47.199.45.80,JP
PAY-2024-80000388,ORD-2024-00000388,2024-08-15 12:44:41,amex,2539,238192.32,AUTH717501,approved,2.76,FP-a8630b0aa3a3,43.121.24.186,JP
PAY-2024-80000393,ORD-2024-00000393,2024-05-17 01:47:35,amex,3167,20841.43,AUTH508131,approved,5.0,FP-f460c4065b9f,24.134.28.139,KR
PAY-2024-80000394,ORD-2024-00000394,2024-02-10 15:49:27,mastercard,9016,60052.8,AUTH502827,approved,1.94,FP-b93a1de594fd,161.106.208.42,JP
PAY-2024-80000395,ORD-2024-00000395,2024-01-24 11:10:00,visa,9629,2214.52,AUTH311371,approved,16.44,FP-d465a26cfda1,134.176.109.229,JP
PAY-2024-80000396,ORD-2024-00000396,2024-08-24 18:14:30,jcb,7813,770165.42,AUTH917026,approved,12.5,FP-7521a820ee6c,147.82.87.43,JP
PAY-2024-80000397,ORD-2024-00000397,2024-01-22 00:17:41,jcb,2901,246377.07,AUTH580427,approved,12.29,FP-d860f3341743,30.189.55.22,JP
PAY-2024-80000399,ORD-2024-00000399,2024-11-11 16:01:11,visa,7379,79704.02,AUTH935898,approved,20.95,FP-5d29b622aec0,117.76.107.137,JP
PAY-2024-80000400,ORD-2024-00000400,2024-05-22 17:22:56,visa,3062,148111.26,AUTH846783,approved,12.15,FP-53d745c7a70a,234.173.190.66,JP
PAY-2024-80000402,ORD-2024-00000402,2024-08-04 01:37:25,jcb,3106,9297.35,AUTH745053,approved,1.96,FP-71bdba05d27e,130.41.244.233,JP
PAY-2024-80000403,ORD-2024-00000403,2024-06-10 12:55:46,visa,2679,357974.98,AUTH433988,approved,24.2,FP-3d36ff7c8303,168.36.31.128,JP
PAY-2024-80000404,ORD-2024-00000404,2024-10-26 12:39:30,visa,9033,4311.56,AUTH853892,approved,11.43,FP-6369af37822a,125.87.130.244,JP
PAY-2024-80000405,ORD-2024-00000405,2024-05-30 05:02:34,visa,0751,7633.1,AUTH758608,approved,22.46,FP-0e1bec9aaade,156.156.153.53,JP
PAY-2024-80000406,ORD-2024-00000406,2024-04-02 18:11:07,mastercard,6938,5304.35,AUTH692989,approved,14.02,FP-337c60895945,52.13.25.50,JP
PAY-2024-80000407,ORD-2024-00000407,2024-07-10 14:12:50,jcb,5915,8300.13,,declined,93.03,FP-39ba64230c69,154.155.248.190,JP
PAY-2024-80000408,ORD-2024-00000408,2024-02-18 14:25:24,amex,5871,19604.41,AUTH901094,approved,27.69,FP-6824a867fe6e,73.62.51.124,JP
PAY-2024-80000409,ORD-2024-00000409,2024-02-09 11:40:36,amex,0790,19953.6,AUTH124963,approved,2.84,FP-f0614e2df274,94.125.96.199,JP
PAY-2024-80000410,ORD-2024-00000410,2024-07-28 09:51:08,visa,1275,315554.1,AUTH624206,approved,1.08,FP-72e31b4ad500,203.82.174.178,JP
PAY-2024-80000411,ORD-2024-00000411,2024-01-13 07:49:36,mastercard,6602,52227.75,AUTH860018,approved,4.77,FP-0c0c9d2cb867,36.50.177.114,JP
PAY-2024-80000413,ORD-2024-00000413,2024-06-18 01:05:36,visa,2750,5542.59,AUTH416525,approved,23.02,FP-7ee149a933d2,203.125.129.58,JP
PAY-2024-80000414,ORD-2024-00000414,2024-06-30 09:03:19,visa,3564,78511.17,AUTH387817,approved,5.48,FP-a782aa0daf32,63.58.20.119,JP
PAY-2024-80000416,ORD-2024-00000416,2024-01-08 14:42:12,amex,1951,100433.35,AUTH419363,approved,6.46,FP-21462eefbff5,94.4.251.92,JP
PAY-2024-80000417,ORD-2024-00000417,2024-09-07 06:52:59,mastercard,9334,27353.04,AUTH408619,approved,15.11,FP-dab4c4d3597e,111.251.77.231,JP
PAY-2024-80000423,ORD-2024-00000423,2024-09-14 06:57:37,visa,0015,158236.68,AUTH210960,approved,5.83,FP-611effd671e7,40.248.138.119,JP
PAY-2024-80000424,ORD-2024-00000424,2024-10-11 03:13:30,visa,3541,107470.22,AUTH340809,approved,0.14,FP-a55fb55aaf10,36.24.102.231,JP
PAY-2024-80000425,ORD-2024-00000425,2024-01-05 11:25:19,amex,1146,77310.81,AUTH681670,approved,2.39,FP-4769300a26df,71.248.160.17,JP
PAY-2024-80000427,ORD-2024-00000427,2024-11-16 08:35:01,amex,0713,420553.7,AUTH220480,approved,25.08,FP-b2f4cc3cdbed,246.14.219.67,JP
PAY-2024-80000428,ORD-2024-00000428,2024-03-13 18:47:10,jcb,8325,5070.27,AUTH875377,approved,10.11,FP-7130cb1132d9,48.182.19.173,JP
PAY-2024-80000430,ORD-2024-00000430,2024-06-11 06:16:49,mastercard,8101,272665.48,AUTH623113,approved,13.52,FP-ca371c38da38,130.129.54.184,JP
PAY-2024-80000431,ORD-2024-00000431,2024-01-20 03:30:00,visa,6395,17134.02,AUTH257451,approved,14.37,FP-86647ee2050c,53.35.96.159,JP
PAY-2024-80000432,ORD-2024-00000432,2024-06-05 07:04:57,mastercard,3999,73862.66,AUTH284408,approved,28.92,FP-596d7f893898,161.79.158.95,JP
PAY-2024-80000434,ORD-2024-00000434,2024-10-03 13:23:55,jcb,5502,50813.51,AUTH318416,approved,2.48,FP-d232ea32d498,141.72.252.114,JP
PAY-2024-80000435,ORD-2024-00000435,2024-07-31 14:38:47,jcb,0384,13616.68,AUTH617797,approved,24.78,FP-969997e2ece2,48.134.190.60,JP
PAY-2024-80000438,ORD-2024-00000438,2024-11-30 05:06:43,mastercard,4356,30956.33,AUTH279421,approved,17.55,FP-74a225a2efba,38.79.98.219,JP
PAY-2024-80000439,ORD-2024-00000439,2024-07-12 04:37:00,visa,3568,20526.53,AUTH843011,approved,10.18,FP-17ac3aec4e66,191.68.130.69,JP
PAY-2024-80000440,ORD-2024-00000440,2024-06-12 11:24:42,jcb,5886,28233.12,AUTH139747,approved,23.53,FP-dde761f04a9e,168.227.121.37,JP
PAY-2024-80000441,ORD-2024-00000441,2024-06-18 19:40:21,jcb,1284,568090.42,AUTH368771,approved,4.74,FP-81c2978c6807,230.248.154.166,JP
PAY-2024-80000442,ORD-2024-00000442,2024-02-18 09:31:06,mastercard,1669,137001.29,AUTH213575,approved,4.23,FP-4456b276b2c0,169.49.232.9,JP
PAY-2024-80000444,ORD-2024-00000444,2024-04-21 10:39:35,jcb,8845,53325.58,AUTH238547,approved,25.51,FP-2386aa369cbf,23.253.141.93,JP
PAY-2024-80000446,ORD-2024-00000446,2024-02-21 11:41:52,mastercard,9346,24454.23,AUTH879608,approved,17.59,FP-e8317bc8253d,43.86.250.129,JP
PAY-2024-80000448,ORD-2024-00000448,2024-05-07 21:21:36,visa,4030,225160.49,AUTH277218,approved,22.57,FP-f2de1ba1d8f5,156.55.166.81,JP
PAY-2024-80000449,ORD-2024-00000449,2024-02-13 06:28:02,jcb,6172,1006078.46,AUTH455272,approved,22.29,FP-9fc64f681ce0,97.244.45.212,JP
PAY-2024-80000451,ORD-2024-00000451,2024-09-07 21:55:58,mastercard,5077,1119705.3,AUTH366420,approved,26.4,FP-c48d6b49bed9,60.149.69.13,JP
PAY-2024-80000453,ORD-2024-00000453,2024-09-30 06:15:32,amex,8026,112160.92,AUTH370365,approved,13.0,FP-ddf395d946bc,179.147.116.40,JP
PAY-2024-80000454,ORD-2024-00000454,2024-08-24 16:07:43,mastercard,0777,21341.68,AUTH200746,approved,12.86,FP-3b7cd317f7cb,211.190.18.59,JP
PAY-2024-80000455,ORD-2024-00000455,2024-04-09 13:27:58,amex,8874,19320.77,AUTH209140,approved,19.96,FP-db8200cc4fa8,22.97.48.169,JP
PAY-2024-80000457,ORD-2024-00000457,2024-03-16 10:24:32,mastercard,6982,214591.49,AUTH367483,approved,6.69,FP-24f903244f26,70.92.210.247,JP
PAY-2024-80000458,ORD-2024-00000458,2024-09-10 02:36:05,visa,9363,21369.02,AUTH449705,approved,1.92,FP-6bdd06de06a4,168.212.196.2,JP
PAY-2024-80000459,ORD-2024-00000459,2024-02-10 06:12:48,jcb,5190,15252.37,AUTH666270,approved,1.79,FP-efda4c6c61b1,203.84.21.55,JP
PAY-2024-80000460,ORD-2024-00000460,2024-06-29 10:37:39,amex,4298,963576.81,AUTH228435,approved,23.19,FP-9542679a79e2,88.44.47.36,TW
PAY-2024-80000461,ORD-2024-00000461,2024-02-21 05:03:59,amex,1972,47387.76,AUTH330098,approved,6.48,FP-6d1842fff93f,241.104.0.192,JP
PAY-2024-80000462,ORD-2024-00000462,2024-07-03 09:20:00,mastercard,0325,10177.46,AUTH747957,approved,14.44,FP-fab30aa06d14,132.148.112.244,JP
PAY-2024-80000463,ORD-2024-00000463,2024-07-22 07:42:02,amex,4799,105683.17,AUTH893796,approved,7.81,FP-484af8dc235c,171.159.15.31,JP
PAY-2024-80000464,ORD-2024-00000464,2024-06-11 08:05:00,mastercard,2205,1545.15,AUTH751100,approved,4.12,FP-bac671e6cb1b,21.162.223.224,CN
PAY-2024-80000465,ORD-2024-00000465,2024-09-11 20:55:12,visa,2883,587644.79,AUTH475543,approved,2.23,FP-3188192c1005,4.120.218.181,JP
PAY-2024-80000466,ORD-2024-00000466,2024-07-24 18:41:14,mastercard,1994,67259.57,AUTH586147,approved,13.4,FP-2c8faa63e4b2,212.247.141.180,JP
PAY-2024-80000467,ORD-2024-00000467,2024-10-21 13:32:51,visa,5414,156709.21,AUTH738426,approved,20.73,FP-6404b1a42bdf,203.159.138.199,JP
PAY-2024-80000469,ORD-2024-00000469,2024-08-10 07:37:05,visa,1392,74774.9,AUTH812379,approved,21.08,FP-ef6a65582f76,234.68.164.20,TW
PAY-2024-80000470,ORD-2024-00000470,2024-09-29 08:16:45,visa,2454,30073.85,AUTH244774,approved,11.76,FP-24ec9dfb0ce5,130.109.132.108,JP
PAY-2024-80000473,ORD-2024-00000473,2024-06-19 17:53:40,mastercard,0934,26256.21,AUTH544833,approved,1.26,FP-dbbf0f172ee7,140.21.248.101,JP
PAY-2024-80000474,ORD-2024-00000474,2024-09-27 09:17:13,mastercard,0502,590429.11,AUTH248034,approved,1.17,FP-302b446f28f4,81.44.82.187,JP
PAY-2024-80000475,ORD-2024-00000475,2024-07-24 13:22:59,visa,9042,142969.26,AUTH532817,approved,4.81,FP-d5af9215df4d,120.251.113.36,JP
PAY-2024-80000477,ORD-2024-00000477,2024-11-13 09:23:09,mastercard,6939,367494.92,AUTH627385,approved,9.8,FP-cc99bcc9ba50,93.89.248.70,JP
PAY-2024-80000478,ORD-2024-00000478,2024-03-25 07:29:54,visa,5751,72571.08,,declined,90.21,FP-f3483312de81,150.19.231.38,JP
PAY-2024-80000479,ORD-2024-00000479,2024-04-02 01:39:11,visa,9665,16601.37,AUTH582093,approved,0.61,FP-a6feb811ff4f,191.5.227.8,JP
PAY-2024-80000480,ORD-2024-00000480,2024-05-21 13:06:51,amex,7285,5033.44,AUTH209816,approved,2.57,FP-f52c5cb60038,166.9.110.89,JP
PAY-2024-80000481,ORD-2024-00000481,2024-03-02 18:15:01,mastercard,1605,7292.34,AUTH275580,approved,5.26,FP-5c9da94dfdf5,123.97.126.230,JP
PAY-2024-80000483,ORD-2024-00000483,2024-09-02 02:14:03,visa,9217,68446.44,AUTH171372,approved,8.09,FP-1b577946c93f,98.104.8.156,JP
PAY-2024-80000484,ORD-2024-00000484,2024-11-12 07:15:55,amex,9435,50738.57,AUTH462379,approved,15.15,FP-22275b397e80,112.101.100.104,JP
PAY-2024-80000485,ORD-2024-00000485,2024-07-25 22:26:02,visa,7107,5188.17,AUTH627030,approved,19.63,FP-5804c1232df3,252.164.144.156,JP
PAY-2024-80000487,ORD-2024-00000487,2024-12-07 16:15:37,amex,0123,93578.85,AUTH830149,approved,16.09,FP-8e2c1738cc74,251.7.230.69,JP
PAY-2024-80000489,ORD-2024-00000489,2024-07-13 01:19:54,jcb,8566,157135.37,AUTH230759,approved,0.65,FP-3d1fe1114cbb,129.50.29.211,JP
PAY-2024-80000490,ORD-2024-00000490,2024-03-05 07:04:27,mastercard,2567,340829.23,AUTH159106,approved,6.62,FP-2ff48b03a4e2,101.150.107.130,JP
PAY-2024-80000491,ORD-2024-00000491,2024-01-16 19:53:17,amex,3624,321586.88,AUTH371161,approved,28.87,FP-90c79207cfc3,109.153.7.150,JP
PAY-2024-80000492,ORD-2024-00000492,2024-12-31 13:01:54,mastercard,8753,51963.71,AUTH991045,approved,10.6,FP-af9914a3dfa6,91.249.48.117,JP
PAY-2024-80000493,ORD-2024-00000493,2024-06-05 13:37:42,visa,6474,20178.09,,refunded,14.45,FP-80559873ed4b,60.91.161.206,JP
PAY-2024-80000494,ORD-2024-00000494,2024-04-20 07:36:44,mastercard,7694,20818.77,AUTH915344,approved,12.89,FP-ee25e8b71abc,6.182.13.171,JP
PAY-2024-80000495,ORD-2024-00000495,2024-04-24 20:35:36,visa,3945,145252.21,AUTH393998,approved,4.72,FP-089980a79fcf,11.190.3.133,JP
PAY-2024-80000496,ORD-2024-00000496,2024-01-24 12:47:58,jcb,5575,78926.44,AUTH677195,approved,5.99,FP-4244fea92a88,102.138.140.135,US
PAY-2024-80000497,ORD-2024-00000497,2024-05-04 07:12:51,visa,2215,23273.97,AUTH439392,approved,21.93,FP-de7d545342cf,202.80.218.209,JP
PAY-2024-80000498,ORD-2024-00000498,2024-06-21 16:51:08,amex,0510,81092.84,AUTH136661,approved,24.72,FP-46692e2e561e,124.193.160.156,JP
PAY-2024-80000499,ORD-2024-00000499,2024-11-06 10:23:53,jcb,6033,10177.46,AUTH345553,approved,21.01,FP-4811dcffe442,37.126.34.56,JP
PAY-2024-80000500,ORD-2024-00000500,2024-01-22 08:16:45,amex,0007,11954.21,AUTH211918,approved,3.94,FP-16fd9147280c,178.222.33.81,JP
